{"protocolSection":{"identificationModule":{"nctId":"NCT06402097","orgStudyIdInfo":{"id":"70945"},"organization":{"fullName":"St. Antonius Hospital","class":"OTHER"},"briefTitle":"TRIP-patch vs Duplex","officialTitle":"'Transdermal Rigidity Assessment Via Ischemia of the Penis (TRIP). A New Sensor-driven Device to Measure Maximal Rigidity.'"},"statusModule":{"statusVerifiedDate":"2024-05","overallStatus":"COMPLETED","expandedAccessInfo":{"hasExpandedAccess":false},"startDateStruct":{"date":"2020-06-05","type":"ACTUAL"},"primaryCompletionDateStruct":{"date":"2020-09-25","type":"ACTUAL"},"completionDateStruct":{"date":"2020-09-25","type":"ACTUAL"},"studyFirstSubmitDate":"2024-05-02","studyFirstSubmitQcDate":"2024-05-02","studyFirstPostDateStruct":{"date":"2024-05-07","type":"ACTUAL"},"lastUpdateSubmitDate":"2024-05-02","lastUpdatePostDateStruct":{"date":"2024-05-07","type":"ACTUAL"}},"sponsorCollaboratorsModule":{"responsibleParty":{"type":"PRINCIPAL_INVESTIGATOR","investigatorFullName":"Evelien Trip","investigatorTitle":"Study Principal Investigator","investigatorAffiliation":"St. Antonius Hospital"},"leadSponsor":{"name":"St. Antonius Hospital","class":"OTHER"}},"oversightModule":{"oversightHasDmc":true,"isFdaRegulatedDrug":false,"isFdaRegulatedDevice":false},"descriptionModule":{"briefSummary":"To measure saturation and desaturation of the cavernosal tissue with a cutaneous placed penile sensor, before and during full rigidity. To validate discriminating sensor-readings between flaccid state and full rigidity of the penis","detailedDescription":"To measure saturation and desaturation of the cavernosal tissue with a cutaneous placed penile sensor, before and during full rigidity. To validate discriminating sensor-readings between flaccid state and full rigidity of the penis"},"conditionsModule":{"conditions":["Erectile Dysfunction"],"keywords":["rigiscan","erectile dysfunction"]},"designModule":{"studyType":"OBSERVATIONAL","patientRegistry":false,"designInfo":{"observationalModel":"CASE_CONTROL","timePerspective":"CROSS_SECTIONAL"},"enrollmentInfo":{"count":20,"type":"ACTUAL"}},"outcomesModule":{"primaryOutcomes":[{"measure":"change in sensor-readings","description":"To validate discriminating sensor-readings between flaccid state and full rigidity of the penis","timeFrame":"1 hour"}]},"eligibilityModule":{"eligibilityCriteria":"Inclusion Criteria:\n\n* Indication for a penile duplex in our andrology clinic Signed informed consent Male Between 18-60 year\n\nExclusion Criteria:\n\n* Patients who are unwilling to sign written informed consent\n* Patients unable to undergo a duplex of the penis\n* Patients with sickle cell anemia because this could affect the accuracy of the measurements","sex":"MALE","minimumAge":"18 Years","maximumAge":"60 Years","stdAges":["ADULT"],"studyPopulation":"Patients with ED","samplingMethod":"NON_PROBABILITY_SAMPLE"},"contactsLocationsModule":{"locations":[{"facility":"St Antonius Hospital","city":"Nieuwegein","state":"Utrecht","zip":"3435CM","country":"Netherlands","geoPoint":{"lat":52.02917,"lon":5.08056}}]},"ipdSharingStatementModule":{"ipdSharing":"NO"}},"derivedSection":{"miscInfoModule":{"versionHolder":"2024-09-24"},"conditionBrowseModule":{"meshes":[{"id":"D000007172","term":"Erectile Dysfunction"}],"ancestors":[{"id":"D000005832","term":"Genital Diseases, Male"},{"id":"D000091662","term":"Genital Diseases"},{"id":"D000091642","term":"Urogenital Diseases"},{"id":"D000012735","term":"Sexual Dysfunction, Physiological"},{"id":"D000052801","term":"Male Urogenital Diseases"},{"id":"D000020018","term":"Sexual Dysfunctions, Psychological"},{"id":"D000001523","term":"Mental Disorders"}],"browseLeaves":[{"id":"M10217","name":"Erectile Dysfunction","asFound":"Erectile Dysfunction","relevance":"HIGH"},{"id":"M10543","name":"Ischemia","relevance":"LOW"},{"id":"M12084","name":"Muscle Rigidity","relevance":"LOW"},{"id":"M2876","name":"Genital Diseases","relevance":"LOW"},{"id":"M8944","name":"Genital Diseases, Male","relevance":"LOW"},{"id":"M2875","name":"Urogenital Diseases","relevance":"LOW"},{"id":"M15546","name":"Sexual Dysfunction, Physiological","relevance":"LOW"},{"id":"M27095","name":"Male Urogenital Diseases","relevance":"LOW"},{"id":"M21873","name":"Sexual Dysfunctions, Psychological","relevance":"LOW"},{"id":"M14473","name":"Psychotic Disorders","relevance":"LOW"},{"id":"M4815","name":"Mental Disorders","relevance":"LOW"}],"browseBranches":[{"abbrev":"BXS","name":"Urinary Tract, Sexual Organs, and Pregnancy Conditions"},{"abbrev":"BXM","name":"Behaviors and Mental Disorders"},{"abbrev":"All","name":"All Conditions"},{"abbrev":"BC23","name":"Symptoms and General Pathology"},{"abbrev":"BC05","name":"Musculoskeletal Diseases"},{"abbrev":"BC10","name":"Nervous System Diseases"}]}},"hasResults":false}