{"protocolSection":{"identificationModule":{"nctId":"NCT02413099","orgStudyIdInfo":{"id":"KBMSI-2 Study"},"organization":{"fullName":"Pusan National University Hospital","class":"OTHER"},"briefTitle":"The Efficacy and Safety of New Herbal Formula (KBMSI-2) in the Treatment of Erectile Dysfunction","officialTitle":"The Efficacy and Safety of New Herbal Formula (KBMSI-2) in the Treatment of Erectile Dysfunction: A Randomized, Double-Blind, Placebo-Controlled Clinical Trial"},"statusModule":{"statusVerifiedDate":"2018-08","overallStatus":"COMPLETED","expandedAccessInfo":{"hasExpandedAccess":false},"startDateStruct":{"date":"2012-02"},"primaryCompletionDateStruct":{"date":"2012-11","type":"ACTUAL"},"completionDateStruct":{"date":"2013-01-03","type":"ACTUAL"},"studyFirstSubmitDate":"2015-04-06","studyFirstSubmitQcDate":"2015-04-08","studyFirstPostDateStruct":{"date":"2015-04-09","type":"ESTIMATED"},"lastUpdateSubmitDate":"2018-08-27","lastUpdatePostDateStruct":{"date":"2018-08-29","type":"ACTUAL"}},"sponsorCollaboratorsModule":{"responsibleParty":{"type":"SPONSOR_INVESTIGATOR","investigatorFullName":"Hyun Jun Park","investigatorTitle":"Professor","investigatorAffiliation":"Pusan National University Hospital"},"leadSponsor":{"name":"Hyun Jun Park","class":"OTHER"}},"oversightModule":{"oversightHasDmc":false},"descriptionModule":{"briefSummary":"Background: KBMSI-2, which is the herbal formular consisted of Ginseng Radix Rubra, Dioscorea tenuipes, Cornus officinalis Sieb. Et Zucc, Lycium Chinese Mill, Curcuma logna Linn, Honey, improved the erectile function by preserving the smooth muscle content and inhibiting the fibrosis of the corpus cavernosum in STZ-induced diabetic rat model. In this study, the researchers investigated the efficacy and safety of the herbal formula (KBMSI-2) in the treatment of ED.\n\nMaterial and Methods: Patients were instructed to take investigational products (KBMSI-2 6g or placebo) twice a day for 8 weeks at least 1 hour after food intake. The primary efficacy variable was the change in the EF domain scores of the IIEF questionnaire from baseline. Secondary efficacy measures included change in all domain scores of the IIEF from baseline, change in question 2 and 3 of the SEP2,3, from baseline."},"conditionsModule":{"conditions":["Erectile Dysfunction"]},"designModule":{"studyType":"INTERVENTIONAL","phases":["PHASE4"],"designInfo":{"allocation":"RANDOMIZED","interventionModel":"PARALLEL","primaryPurpose":"TREATMENT","maskingInfo":{"masking":"DOUBLE"}},"enrollmentInfo":{"count":44,"type":"ACTUAL"}},"armsInterventionsModule":{"armGroups":[{"label":"KBMSI-2 6gm","type":"EXPERIMENTAL","description":"Patients were instructed to take investigational products (KBMSI-2 6g) twice a day for 8weeks at least 1 hour after food intake","interventionNames":["Drug: KBMSI-2"]},{"label":"Placebo","type":"PLACEBO_COMPARATOR","description":"Patients were instructed to take placebo twice a day for 8weeks at least 1 hour after food intake","interventionNames":["Drug: KBMSI-2"]}],"interventions":[{"type":"DRUG","name":"KBMSI-2","description":"The KBMSI-2 capsules (6gm/capsule) and placebo were provided by Korean Bio Medical Science Institute (Seoul, Korea). KBMSI-2 was analyzed by high-performance liquid chromatography. KBMSI-2 contained major ginsenoside-Rb1: 260.53ug/g, -Rb2: 543.91ug/g, -Rc: 424.92ug/g, -Re: 377.32ug/g, -Rf: 1160.55ug/g, -Rg1: 703.97ug/g, Curcumin 60.73ug/g, Allantoin 98.66ug.g, and Loganin 744.13ug/g. During the study period, two capsules were taken daily for 8 weeks. The placebo capsules were identical in shape, color, and taste.","armGroupLabels":["KBMSI-2 6gm","Placebo"],"otherNames":["Better man (brand name)"]}]},"outcomesModule":{"primaryOutcomes":[{"measure":"Change in the EF domain scores of the IIEF questionnaire from baseline","description":"calculated by comparing total scores from questions 1 to 5 and 15 from IIEF questionnaire","timeFrame":"Baseline, 4weeks, 8weeks"}],"secondaryOutcomes":[{"measure":"Change in all domain scores of the IIEF from baseline","timeFrame":"Baseline, 4weeks, 8weeks"},{"measure":"change in question 2 and 3 of the Sexual Encounter Profile (SEP2: Were you able to insert your penis in your partner's vagina? SEP3: Did your erection last long enough for you to have a successful intercourse?) from baseline","description":"change in question 2 and 3 of the Sexual Encounter Profile (SEP2: Were you able to insert your penis in your partner's vagina? SEP3: Did your erection last long enough for you to have a successful intercourse?) from baseline","timeFrame":"Baseline, 4weeks, 8weeks"}]},"eligibilityModule":{"eligibilityCriteria":"Inclusion criteria were as follows:\n\n* men with history of ED for at least 6 months according to the National Institutes of Health (NIH) Consensus Statement (inability to attain and/or maintain penile erection sufficient for satisfactory sexual performance);\n* erectile function (EF) domain scores of the International Index of Erectile Function (IIEF) questionnaire ≤ 25;\n* age range between 19 and 40 years old;\n* patients were required to be involved in a stable, monogamous relationship with a female sexual partner and having failed \\>50% of at least four sexual attempts during the run-in period.\n\nExclusion criteria were as follows:\n\n* Men with the following conditions were excluded from the study:\n* penile anatomical defects,\n* spinal cord injury,\n* radical prostatectomy,\n* and radical pelvic surgery;\n* a primary diagnosis of another sexual disorder;\n* uncontrolled DM (HBA1C\\> 12%);\n* serum creatinine\\>2.5mg/dL;\n* major uncontrolled psychiatric disorder;\n* history of major hematological, renal, or hepatic abnormalities;\n* recent (within the previous 6 months) history of cardiovascular disease, stroke or myocardial infarction, cardiac failure, unstable angina, life-threatening arrhythmia and a history of alcoholism or substance abuse.\n* Patients having taken PDE5 inhibitors and testosterone replacement therapy within 2 weeks were excluded in the study. Concomitant use of ED treatment was forbidden.","healthyVolunteers":false,"sex":"MALE","minimumAge":"19 Years","maximumAge":"40 Years","stdAges":["ADULT"]},"contactsLocationsModule":{"locations":[{"facility":"Department of Urology, Pusan National University Hospital","city":"Busan","zip":"602-739","country":"Korea, Republic of","geoPoint":{"lat":35.10278,"lon":129.04028}}]}},"derivedSection":{"miscInfoModule":{"versionHolder":"2024-09-24"},"conditionBrowseModule":{"meshes":[{"id":"D000007172","term":"Erectile Dysfunction"}],"ancestors":[{"id":"D000005832","term":"Genital Diseases, Male"},{"id":"D000091662","term":"Genital Diseases"},{"id":"D000091642","term":"Urogenital Diseases"},{"id":"D000012735","term":"Sexual Dysfunction, Physiological"},{"id":"D000052801","term":"Male Urogenital Diseases"},{"id":"D000020018","term":"Sexual Dysfunctions, Psychological"},{"id":"D000001523","term":"Mental Disorders"}],"browseLeaves":[{"id":"M10217","name":"Erectile Dysfunction","asFound":"Erectile Dysfunction","relevance":"HIGH"},{"id":"M2876","name":"Genital Diseases","relevance":"LOW"},{"id":"M8944","name":"Genital Diseases, Male","relevance":"LOW"},{"id":"M2875","name":"Urogenital Diseases","relevance":"LOW"},{"id":"M15546","name":"Sexual Dysfunction, Physiological","relevance":"LOW"},{"id":"M27095","name":"Male Urogenital Diseases","relevance":"LOW"},{"id":"M21873","name":"Sexual Dysfunctions, Psychological","relevance":"LOW"},{"id":"M14473","name":"Psychotic Disorders","relevance":"LOW"},{"id":"M4815","name":"Mental Disorders","relevance":"LOW"}],"browseBranches":[{"abbrev":"BXS","name":"Urinary Tract, Sexual Organs, and Pregnancy Conditions"},{"abbrev":"BXM","name":"Behaviors and Mental Disorders"},{"abbrev":"All","name":"All Conditions"}]},"interventionBrowseModule":{"browseLeaves":[{"id":"M6685","name":"Curcumin","relevance":"LOW"},{"id":"M3824","name":"Allantoin","relevance":"LOW"},{"id":"T358","name":"Allantoin","relevance":"LOW"}],"browseBranches":[{"abbrev":"Infl","name":"Anti-Inflammatory Agents"},{"abbrev":"ANeo","name":"Antineoplastic Agents"},{"abbrev":"ARhu","name":"Antirheumatic Agents"},{"abbrev":"Analg","name":"Analgesics"},{"abbrev":"All","name":"All Drugs and Chemicals"},{"abbrev":"Derm","name":"Dermatologic Agents"},{"abbrev":"Ot","name":"Other Dietary Supplements"}]}},"hasResults":false}