{"protocolSection":{"identificationModule":{"nctId":"NCT01601353","orgStudyIdInfo":{"id":"ED1001"},"organization":{"fullName":"Tissue Genesis","class":"INDUSTRY"},"briefTitle":"Evaluate the Use of Liposuction and Cell Separation Devices for Autologous Fat (Adipose) Derived Cells to Treat the Symptoms of Erectile Dysfunction","officialTitle":"Evaluate the Use of Liposuction and Cell Separation Devices for Autologous Fat (Adipose) Derived Cells to Treat the Symptoms of Erectile Dysfunction"},"statusModule":{"statusVerifiedDate":"2021-06","overallStatus":"UNKNOWN","lastKnownStatus":"ACTIVE_NOT_RECRUITING","expandedAccessInfo":{"hasExpandedAccess":false},"startDateStruct":{"date":"2012-05","type":"ACTUAL"},"primaryCompletionDateStruct":{"date":"2018-08","type":"ACTUAL"},"completionDateStruct":{"date":"2021-08","type":"ESTIMATED"},"studyFirstSubmitDate":"2012-05-09","studyFirstSubmitQcDate":"2012-05-16","studyFirstPostDateStruct":{"date":"2012-05-18","type":"ESTIMATED"},"lastUpdateSubmitDate":"2021-06-23","lastUpdatePostDateStruct":{"date":"2021-06-24","type":"ACTUAL"}},"sponsorCollaboratorsModule":{"responsibleParty":{"type":"SPONSOR"},"leadSponsor":{"name":"Tissue Genesis","class":"INDUSTRY"}},"oversightModule":{"oversightHasDmc":true},"descriptionModule":{"briefSummary":"The purpose of this study is to evaluate the safety and efficacy of adipose derived cells for the treatment of erectile dysfunction symptoms.","detailedDescription":"This trial is being conducted to determine the safety and efficacy of injecting autologous adipose derived cells into the penis of men with erectile dysfunction. Subjects will be randomized into a treatment and control arm."},"conditionsModule":{"conditions":["Erectile Dysfunction"],"keywords":["Erectile Dysfunction"]},"designModule":{"studyType":"INTERVENTIONAL","phases":["NA"],"designInfo":{"allocation":"RANDOMIZED","interventionModel":"PARALLEL","primaryPurpose":"TREATMENT","maskingInfo":{"masking":"NONE"}},"enrollmentInfo":{"count":30,"type":"ACTUAL"}},"armsInterventionsModule":{"armGroups":[{"label":"Treatment","type":"EXPERIMENTAL","description":"Injection of adipose derived cells into penis","interventionNames":["Device: Tissue Genesis Cell Isolation System"]},{"label":"Control","type":"NO_INTERVENTION","description":"No intervention through 9 months"}],"interventions":[{"type":"DEVICE","name":"Tissue Genesis Cell Isolation System","description":"Liposuction followed by injection of autologous adipose derived cells","armGroupLabels":["Treatment"]}]},"outcomesModule":{"primaryOutcomes":[{"measure":"Adverse Events that occur during or after the procedure to measure safety and tolerability","timeFrame":"3 years"},{"measure":"Erectile function","timeFrame":"6 months"}],"secondaryOutcomes":[{"measure":"Continence","timeFrame":"3 years"},{"measure":"Treatment assessment","timeFrame":"3 years"},{"measure":"Erection hardness","timeFrame":"3 years"}]},"eligibilityModule":{"eligibilityCriteria":"Inclusion Criteria:\n\n1. Men aged 40 - 70\n2. Willing and able to provide written informed consent\n3. Chronic, organic erectile dysfunction (ED), duration at least 0.5 years, with baseline International Index of Erectile Function - Erectile Function (IIEF-EF) score of \\< 26\n4. Willing to complete questionnaires\n5. Involved in a monogamous, heterosexual relationship for at least 3 months with both partners motivated to have or attempt sexual intercourse at least 4 times per month beginning two weeks after study treatment (subject reported)\n6. Not interested or able to use oral PDE-5 inhibitor (PDE-5i) drug therapy, and willing to forgo these treatments for the first 6-month period following study treatment (in addition may include a minimum 4-week washout since last PDE-5i use prior to completion of the baseline erectile function assessments and study treatment)\n7. Willing to limit alcohol intake and eliminate use of recreational drugs for sexual encounters\n8. Willing to undergo a minor surgical procedure and injection\n9. Abdominal area amenable to liposuction of at least 60-120 cc of adipose tissue based on Investigator examination\n10. Mentally competent and able to understand all study requirements (based on investigator assessment)\n11. Willing to be available for all baseline, treatment and follow-up examinations required by protocol\n12. Willing to forego participation in any other study throughout the duration of this study unless receiving prior approval by Sponsor.\n\nExclusion Criteria:\n\n1. Evidence of prostate cancer which requires additional radiotherapy or other adjuvant therapy\n2. Previous pelvic or abdominal radiation therapy\n3. Previous, concomitant or scheduled use of anti-androgen therapy\n4. Untreated hypogonadism or low serum total testosterone (\\< 200 ng/dL)\n5. Clinically evident penile anatomical deformities (e.g., Peyronie's disease) or history of priapism\n6. Skin irritation, infection, wound, sore or disruption in the immediate areas of skin entry for abdominal liposuction or penile injection (including abdominal trauma and abdominal skin cancer (basal cell carcinoma, squamous cell carcinoma, and melanoma))\n7. Use of any non-study treatment for erectile dysfunction within 4 weeks of study treatment and a lack of willingness to continue through 6 months after study treatment\n8. Any previous penile implant or penile vascular surgery\n9. Current or previous malignancy other than localized prostate cancer or nonabdominal, non-melanoma skin cancer (successfully treated or treatable by curative excision or other local curative therapy- abdominal skin cancer is exclusionary as indicated in criteria 6)\n10. Uncontrolled hypertension or hypotension (systolic blood pressure \\> 170 or \\< 90 mm Hg, and diastolic blood pressure \\> 100 or \\< 50 mm Hg)\n11. Reported unstable cardiovascular disease (e.g., unstable angina, myocardial infarction within past 6 months, cardiac failure or life-threatening arrhythmia, congestive heart failure) or symptomatic postural hypotension within 6 months before screening\n12. Hemoglobin A1c \\> 8% within 8 weeks prior to study treatment\n13. Current urinary tract or bladder infection\n14. Drug, alcohol, or substance abuse reported within the last three years (subject reported)\n15. Subject's sexual partner is \\< 18 years of age, nursing, or known to be pregnant at screening, or wishes to become pregnant during the study period, or has any gynecologic problems, major medical conditions, or other factors that would limit participation in sexual intercourse to less than 4 times per month (subject reported)\n16. Weight less than 154 lbs/ 70 kg, or BMI ≥ 30\n17. Unable to limit or avoid nonsteroidal anti-inflammatory drugs(NSAIDs) for 15 days prior to treatment (subject reported)\n18. Bleeding or clotting disorder, use of anticoagulant therapy, or history of easy or excessive bruising\n19. Lab values for Complete Blood Count(CBC), Prothrombin Time(PT)/Partial Thromboplastin Time(PTT)/International Normalized Ration(INR), liver function and creatinine falling outside the normal lab values (see section 5.3 for further detail)\n20. Systemic autoimmune disorder\n21. Significant active systemic or localized infection\n22. Receiving immunosuppressant medications","healthyVolunteers":false,"sex":"MALE","minimumAge":"40 Years","maximumAge":"70 Years","stdAges":["ADULT","OLDER_ADULT"]},"contactsLocationsModule":{"locations":[{"facility":"San Diego Sexual Medicine","city":"San Diego","state":"California","zip":"92120","country":"United States","geoPoint":{"lat":32.71533,"lon":-117.15726}},{"facility":"Baylor College of Medicine","city":"Houston","state":"Texas","zip":"77030","country":"United States","geoPoint":{"lat":29.76328,"lon":-95.36327}}]},"referencesModule":{"references":[{"pmid":"25974235","type":"DERIVED","citation":"Khera M, Albersen M, Mulhall JP. Mesenchymal stem cell therapy for the treatment of erectile dysfunction. J Sex Med. 2015 May;12(5):1105-6. doi: 10.1111/jsm.12871. No abstract available."}]}},"derivedSection":{"miscInfoModule":{"versionHolder":"2024-09-24"},"conditionBrowseModule":{"meshes":[{"id":"D000007172","term":"Erectile Dysfunction"}],"ancestors":[{"id":"D000005832","term":"Genital Diseases, Male"},{"id":"D000091662","term":"Genital Diseases"},{"id":"D000091642","term":"Urogenital Diseases"},{"id":"D000012735","term":"Sexual Dysfunction, Physiological"},{"id":"D000052801","term":"Male Urogenital Diseases"},{"id":"D000020018","term":"Sexual Dysfunctions, Psychological"},{"id":"D000001523","term":"Mental Disorders"}],"browseLeaves":[{"id":"M10217","name":"Erectile Dysfunction","asFound":"Erectile Dysfunction","relevance":"HIGH"},{"id":"M2876","name":"Genital Diseases","relevance":"LOW"},{"id":"M8944","name":"Genital Diseases, Male","relevance":"LOW"},{"id":"M2875","name":"Urogenital Diseases","relevance":"LOW"},{"id":"M15546","name":"Sexual Dysfunction, Physiological","relevance":"LOW"},{"id":"M27095","name":"Male Urogenital Diseases","relevance":"LOW"},{"id":"M21873","name":"Sexual Dysfunctions, Psychological","relevance":"LOW"},{"id":"M14473","name":"Psychotic Disorders","relevance":"LOW"},{"id":"M4815","name":"Mental Disorders","relevance":"LOW"}],"browseBranches":[{"abbrev":"BXS","name":"Urinary Tract, Sexual Organs, and Pregnancy Conditions"},{"abbrev":"BXM","name":"Behaviors and Mental Disorders"},{"abbrev":"All","name":"All Conditions"}]}},"hasResults":false}