{"protocolSection":{"identificationModule":{"nctId":"NCT01089387","orgStudyIdInfo":{"id":"BT06-07"},"secondaryIdInfos":[{"id":"2008-A01248-47","type":"OTHER","domain":"Afssaps"}],"organization":{"fullName":"Institut National de la Santé Et de la Recherche Médicale, France","class":"OTHER_GOV"},"briefTitle":"Intracavernous Bone Marrow Stem-cell Injection for Post Prostatectomy Erectile Dysfunction","officialTitle":"Intracavernous Bone Marrow Stem-cell Injection for Post Prostatectomy Erectile Dysfunction","acronym":"INSTIN"},"statusModule":{"statusVerifiedDate":"2011-04","overallStatus":"COMPLETED","expandedAccessInfo":{"hasExpandedAccess":false},"startDateStruct":{"date":"2010-05"},"primaryCompletionDateStruct":{"date":"2012-05","type":"ACTUAL"},"completionDateStruct":{"date":"2015-03","type":"ACTUAL"},"studyFirstSubmitDate":"2010-03-17","studyFirstSubmitQcDate":"2010-03-17","studyFirstPostDateStruct":{"date":"2010-03-18","type":"ESTIMATED"},"lastUpdateSubmitDate":"2016-11-17","lastUpdatePostDateStruct":{"date":"2016-11-18","type":"ESTIMATED"}},"sponsorCollaboratorsModule":{"responsibleParty":{"type":"SPONSOR"},"leadSponsor":{"name":"Institut National de la Santé Et de la Recherche Médicale, France","class":"OTHER_GOV"}},"oversightModule":{"oversightHasDmc":true},"descriptionModule":{"briefSummary":"Erectile dysfunction is a frequent adverse event after radical prostatectomy for prostate cancer.\n\nIt is the consequence of penile vascular damage, mainly arterial insufficiency and venous leakage associated with fibrosis of the corpus cavernous. Apoptosis of penile cells, including mesenchymal cells, smooth muscle cells and endothelial is believed to play an important role in the pathophysiology of post prostatectomy erectile dysfunction.\n\nBone marrow mononucleated cells (BMMNC) contain different cell types that may replace the damaged penile cells after radical prostatectomy. These are mainly: mesenchymal stem cells, endothelial progenitor cells and hematopoietic stem cell. Intracavernous injection of BMMNC may therefore find application in the treatment of post prostatectomy erectile dysfunction.\n\nThe aims of this phase I-II study is to test the safety of autologous intracavernous BMMNC injection and to evaluate benefit for the patient concerning recovery of natural erection. Patients with penile vascular abnormality (echo-doppler) and localized prostate cancer (considered as cured by radical prostatectomy) will be included in this study.\n\nFour different doses of BMMNC will be tested.","detailedDescription":"We have shown in a rat model of post prostatectomy erectile dysfunction that BMMNC injection replace apoptotic cavernous cells and restore erectile function.\n\nIn the pig, the injection of high dose of BMMNC into the corpus cavernosus does not cause side effect. Moreover, the BMMNC remains at the injection site."},"conditionsModule":{"conditions":["Prostate Cancer","Erectile Dysfunction"],"keywords":["radical prostatectomy"]},"designModule":{"studyType":"INTERVENTIONAL","phases":["PHASE1","PHASE2"],"designInfo":{"allocation":"NA","interventionModel":"SINGLE_GROUP","primaryPurpose":"TREATMENT","maskingInfo":{"masking":"NONE"}},"enrollmentInfo":{"count":18,"type":"ACTUAL"}},"armsInterventionsModule":{"armGroups":[{"label":"injection of bone marrow cells","type":"EXPERIMENTAL","interventionNames":["Biological: injection of bone marrow mononucleated cells"]}],"interventions":[{"type":"BIOLOGICAL","name":"injection of bone marrow mononucleated cells","description":"Four different concentration of BMMNC will be tested in four groups of 3 patients. In group 5 (n=19): one cell concentration corresponding to the best dose determined by analysis of the previous groups will be tested.","armGroupLabels":["injection of bone marrow cells"],"otherNames":["cell therapy"]}]},"outcomesModule":{"primaryOutcomes":[{"measure":"Absence of serious adverse event (general or local)","description":"Side effects envisaged: priapism, local inflammation after cell injection","timeFrame":"6 months"}],"secondaryOutcomes":[{"measure":"Recovery of natural erection, improvement of penile doppler parameters","description":"Evaluation of erectile recovery using validated quesitonnaires (IIEF15, EHS, UCLA-PCI)","timeFrame":"6 month"}]},"eligibilityModule":{"eligibilityCriteria":"Inclusion Criteria:\n\n* Localized prostate cancer: PSA (Prostate Specific Antigen) prior to radical prostatectomy \\< 10 ng/ml, histopathologic analysis of the prostate showing a prostate cancer with Gleason score ≤ 7, negative margin, absence of effraction of the prostatic capsule, pT1 or pT2 N0 or NX.\n* PSA=0 ng/ml 6 months after radical prostatectomy.\n* Normal erectile function prior to radical prostatectomy.\n* Penile arterial insufficiency and or venous leakage (doppler) at the time of inclusion: PSV \\<25 cm/sec, PSV \\>25 cm/sec, EDV\\>5cm/sec, RI\\<0,75.\n\nExclusion Criteria:\n\n* Non localized prostate cancer.","healthyVolunteers":false,"sex":"MALE","minimumAge":"45 Years","maximumAge":"70 Years","stdAges":["ADULT","OLDER_ADULT"]},"contactsLocationsModule":{"locations":[{"facility":"CHU Henri Mondor-Albert Chenevier-Centre Intercommunal de Créteil","city":"Créteil","zip":"94101","country":"France","geoPoint":{"lat":48.78333,"lon":2.46667}}]},"referencesModule":{"references":[{"pmid":"28753830","type":"DERIVED","citation":"Yiou R, Hamidou L, Birebent B, Bitari D, Le Corvoisier P, Contremoulins I, Rodriguez AM, Augustin D, Roudot-Thoraval F, de la Taille A, Rouard H. Intracavernous Injections of Bone Marrow Mononucleated Cells for Postradical Prostatectomy Erectile Dysfunction: Final Results of the INSTIN Clinical Trial. Eur Urol Focus. 2017 Dec;3(6):643-645. doi: 10.1016/j.euf.2017.06.009. Epub 2017 Jun 24."},{"pmid":"25974235","type":"DERIVED","citation":"Khera M, Albersen M, Mulhall JP. Mesenchymal stem cell therapy for the treatment of erectile dysfunction. J Sex Med. 2015 May;12(5):1105-6. doi: 10.1111/jsm.12871. No abstract available."}]}},"derivedSection":{"miscInfoModule":{"versionHolder":"2024-09-24"},"conditionBrowseModule":{"meshes":[{"id":"D000007172","term":"Erectile Dysfunction"}],"ancestors":[{"id":"D000005832","term":"Genital Diseases, Male"},{"id":"D000091662","term":"Genital Diseases"},{"id":"D000091642","term":"Urogenital Diseases"},{"id":"D000052801","term":"Male Urogenital Diseases"},{"id":"D000012735","term":"Sexual Dysfunction, Physiological"},{"id":"D000020018","term":"Sexual Dysfunctions, Psychological"},{"id":"D000001523","term":"Mental Disorders"}],"browseLeaves":[{"id":"M14335","name":"Prostatic Neoplasms","relevance":"LOW"},{"id":"M10217","name":"Erectile Dysfunction","asFound":"Erectile Dysfunction","relevance":"HIGH"},{"id":"M2876","name":"Genital Diseases","relevance":"LOW"},{"id":"M8944","name":"Genital Diseases, Male","relevance":"LOW"},{"id":"M2875","name":"Urogenital Diseases","relevance":"LOW"},{"id":"M27095","name":"Male Urogenital Diseases","relevance":"LOW"},{"id":"M15546","name":"Sexual Dysfunction, Physiological","relevance":"LOW"},{"id":"M21873","name":"Sexual Dysfunctions, Psychological","relevance":"LOW"},{"id":"M14473","name":"Psychotic Disorders","relevance":"LOW"},{"id":"M4815","name":"Mental Disorders","relevance":"LOW"}],"browseBranches":[{"abbrev":"BC04","name":"Neoplasms"},{"abbrev":"BXS","name":"Urinary Tract, Sexual Organs, and Pregnancy Conditions"},{"abbrev":"All","name":"All Conditions"},{"abbrev":"BXM","name":"Behaviors and Mental Disorders"}]}},"hasResults":false}