{"protocolSection":{"identificationModule":{"nctId":"NCT02619383","orgStudyIdInfo":{"id":"42/13"},"organization":{"fullName":"Assaf-Harofeh Medical Center","class":"OTHER_GOV"},"briefTitle":"HBOT Application in Erectile Dysfunction","officialTitle":"Hyperbaric Oxygen Can Improve Erectile Dysfunction and Induce Penile Angiogenesis","acronym":"HBOTED"},"statusModule":{"statusVerifiedDate":"2015-12","overallStatus":"COMPLETED","expandedAccessInfo":{"hasExpandedAccess":false},"startDateStruct":{"date":"2013-06"},"primaryCompletionDateStruct":{"date":"2015-05","type":"ACTUAL"},"studyFirstSubmitDate":"2015-11-29","studyFirstSubmitQcDate":"2015-11-29","studyFirstPostDateStruct":{"date":"2015-12-02","type":"ESTIMATED"},"lastUpdateSubmitDate":"2015-12-02","lastUpdatePostDateStruct":{"date":"2015-12-03","type":"ESTIMATED"}},"sponsorCollaboratorsModule":{"responsibleParty":{"type":"PRINCIPAL_INVESTIGATOR","investigatorFullName":"Assaf Harofeh MC","investigatorTitle":"Dr. Shai Efrati","investigatorAffiliation":"Assaf-Harofeh Medical Center"},"leadSponsor":{"name":"Assaf-Harofeh Medical Center","class":"OTHER_GOV"}},"oversightModule":{"oversightHasDmc":false},"descriptionModule":{"briefSummary":"Recent studies have shown that hyperbaric oxygen therapy (HBOT) can induce angiogenesis and improve impaired organ function. HBOT was also recently suggested as a possible therapy for ED due to surgical injuries. However, the effect of HBOT on non-surgical related ED has not been investigated to date.\n\nThe objective in this study was to assess the effect of HBOT on patients with ED by means of sexual function questionnaires and novel imaging techniques.","detailedDescription":"A prospective analysis of men, age 18 years or older, with a clinical diagnosis of erectile dysfunction, reporting decreased and weakened nocturnal penile tumescence of six months duration or longer.\n\nPatients were treated at The treatment comprised 40 daily hyperbaric sessions, 5 days a week, in a multiplace hyperbaric chamber (HAUX-Life-Support GmbH). Each session consisted of 90 minutes of exposure to 100% oxygen at 2 ATA with 5 minutes air breaks every 30 minutes and 1 meter per minute compression and decompression.\n\nSexual function Efficacy of the treatment was assessed using the International Index of Erectile Function (IIEF) questionnaire which was filled by all patients at baseline and within 2 weeks of the last HBOT session. In addition, assessing efficacy was the global efficacy question (GEQ) (\"Did the treatment improve your erections?\"), with a response of yes or no.\n\nSix patients underwent two MRI scans 1-2 weeks prior to and after HBOT. Imaging was conducted in using a 3Tesla system (MAGNETOM Skyra, Siemens Medical Solutions, , Germany). The MRI protocol included anatomic T1 and T2 sequences and DCE. The MRI DCE sequence parameters are detailed in supplementary section."},"conditionsModule":{"conditions":["Erectile Dysfunction","Hyperbaric Oxygen Therapy"],"keywords":["HBOT","hyperbaric oxygen","DCE","ED","erectile dysfunction"]},"designModule":{"studyType":"INTERVENTIONAL","phases":["PHASE1"],"designInfo":{"allocation":"NA","interventionModel":"SINGLE_GROUP","primaryPurpose":"TREATMENT","maskingInfo":{"masking":"NONE"}},"enrollmentInfo":{"count":37,"type":"ACTUAL"}},"armsInterventionsModule":{"armGroups":[{"label":"HBOT","type":"EXPERIMENTAL","description":"All patients were treated with 40 daily hyperbaric sessions, 5 days a week, in a multiplace hyperbaric chamber (HAUX-Life-Support GmbH). Each session consisted of 90 minutes of exposure to 100% oxygen at 2 ATA with 5 minutes air breaks every 30 minutes and 1 meter per minute compression and decompression.","interventionNames":["Device: Hyperbaric oxygen therapy"]}],"interventions":[{"type":"DEVICE","name":"Hyperbaric oxygen therapy","description":"The treatment comprised 40 daily hyperbaric sessions, 5 days a week, in a multiplace hyperbaric chamber (HAUX-Life-Support GmbH). Each session consisted of 90 minutes of exposure to 100% oxygen at 2 ATA with 5 minutes air breaks every 30 minutes and 1 meter per minute compression and decompression.","armGroupLabels":["HBOT"],"otherNames":["HBOT"]}]},"outcomesModule":{"primaryOutcomes":[{"measure":"Sexual function","description":"Efficacy of the treatment was assessed using the International Index of Erectile Function (IIEF) questionnaire. Primary outcome was measured by questions 3 and 4 (Q3 and Q4). Question 3 asks 'Over the past four weeks, when you have attempted sexual intercourse how often were you able to penetrate (enter) your partner?'. Question 4 asks 'Over the past four weeks, during sexual intercourse, how often were you able to maintain your erection after you have penetrated your partner?'","timeFrame":"3 months"},{"measure":"Sexual function","description":"global efficacy question (GEQ) (\"Did the treatment improve your erections?\"), with a response of yes or no.","timeFrame":"3 months"}],"secondaryOutcomes":[{"measure":"Imaging of penile perfusion","description":"Imaging was conducted in using a 3Tesla system (MAGNETOM Skyra, Siemens Medical Solutions, , Germany). The MRI protocol included anatomic T1 and T2 sequences and DCE.\n\nK-trans calculations were performed in four specific axial sections located in each CC at the level of the penis base for better localization and reduced variability (Figure-1). Another control K-trans measurement was performed at the psoas muscle at the point in pass at the groin. The relative change in penile K-trans values (in %) was calculated as (post HBOT value - pre HBOT value) / pre HBOT value \\* 100.\n\nMRI includes Gadolinium contrast injection which has allergy related issues.","timeFrame":"3 months"},{"measure":"Adverse events","description":"Rate of adverse events","timeFrame":"3 months"}]},"eligibilityModule":{"eligibilityCriteria":"Inclusion Criteria:\n\n* age 18 years or older\n* clinical diagnosis of erectile dysfunction\n* reporting decreased and weakened nocturnal penile tumescence of six months duration or longer\n\nExclusion Criteria:\n\n* penile anatomical defects,\n* any active or history of malignancy including prostate cancer\n* spinal cord injury\n* any major psychiatric disorder uncontrolled with treatment\n* claustrophobia\n* chronic lung disease\n* chronic middle ear or sinus diseases.","healthyVolunteers":false,"sex":"MALE","minimumAge":"18 Years","stdAges":["ADULT","OLDER_ADULT"]},"contactsLocationsModule":{"locations":[{"facility":"Assaf-Harofeh Medical Center","city":"Zerifin","zip":"70300","country":"Israel","geoPoint":{"lat":31.95857,"lon":4.83723}}]}},"derivedSection":{"miscInfoModule":{"versionHolder":"2024-09-24"},"conditionBrowseModule":{"meshes":[{"id":"D000007172","term":"Erectile Dysfunction"}],"ancestors":[{"id":"D000005832","term":"Genital Diseases, Male"},{"id":"D000091662","term":"Genital Diseases"},{"id":"D000091642","term":"Urogenital Diseases"},{"id":"D000012735","term":"Sexual Dysfunction, Physiological"},{"id":"D000052801","term":"Male Urogenital Diseases"},{"id":"D000020018","term":"Sexual Dysfunctions, Psychological"},{"id":"D000001523","term":"Mental Disorders"}],"browseLeaves":[{"id":"M10217","name":"Erectile Dysfunction","asFound":"Erectile Dysfunction","relevance":"HIGH"},{"id":"M2876","name":"Genital Diseases","relevance":"LOW"},{"id":"M8944","name":"Genital Diseases, Male","relevance":"LOW"},{"id":"M2875","name":"Urogenital Diseases","relevance":"LOW"},{"id":"M15546","name":"Sexual Dysfunction, Physiological","relevance":"LOW"},{"id":"M27095","name":"Male Urogenital Diseases","relevance":"LOW"},{"id":"M21873","name":"Sexual Dysfunctions, Psychological","relevance":"LOW"},{"id":"M14473","name":"Psychotic Disorders","relevance":"LOW"},{"id":"M4815","name":"Mental Disorders","relevance":"LOW"}],"browseBranches":[{"abbrev":"BXS","name":"Urinary Tract, Sexual Organs, and Pregnancy Conditions"},{"abbrev":"BXM","name":"Behaviors and Mental Disorders"},{"abbrev":"All","name":"All Conditions"}]}},"hasResults":false}