{"protocolSection":{"identificationModule":{"nctId":"NCT02068417","orgStudyIdInfo":{"id":"STU10/002"},"organization":{"fullName":"Storz Medical AG","class":"INDUSTRY"},"briefTitle":"Pilot Study of the Treatment of Erectile Dysfunction (ED) With Extracorporeal Shockwave Therapy (ESWT)","officialTitle":"A Prospective, Randomised, Blinded, Placebo-controlled Pilot Study of the Treatment of Erectile Dysfunction With Extracorporeal Shockwave Therapy (ESWT)"},"statusModule":{"statusVerifiedDate":"2015-03","overallStatus":"TERMINATED","whyStopped":"It has been decided to improve the inclusion criteria for better study outcome","expandedAccessInfo":{"hasExpandedAccess":false},"startDateStruct":{"date":"2011-10"},"primaryCompletionDateStruct":{"date":"2014-02","type":"ACTUAL"},"completionDateStruct":{"date":"2014-02","type":"ACTUAL"},"studyFirstSubmitDate":"2014-02-19","studyFirstSubmitQcDate":"2014-02-20","studyFirstPostDateStruct":{"date":"2014-02-21","type":"ESTIMATED"},"lastUpdateSubmitDate":"2015-03-05","lastUpdatePostDateStruct":{"date":"2015-03-06","type":"ESTIMATED"}},"sponsorCollaboratorsModule":{"responsibleParty":{"type":"SPONSOR"},"leadSponsor":{"name":"Storz Medical AG","class":"INDUSTRY"}},"oversightModule":{"oversightHasDmc":true},"descriptionModule":{"briefSummary":"The objective of the pilot study is to assess the feasibility of a full randomised, placebo-controlled clinical trial.The aim is to demonstrate that penile shockwave application in patients with erectile dysfunction of vascular origin leads to a greater increase in potency than in the control group."},"conditionsModule":{"conditions":["Erectile Dysfunction"],"keywords":["IIEF score","ED"]},"designModule":{"studyType":"INTERVENTIONAL","phases":["PHASE3"],"designInfo":{"allocation":"RANDOMIZED","interventionModel":"PARALLEL","primaryPurpose":"TREATMENT","maskingInfo":{"masking":"SINGLE","whoMasked":["PARTICIPANT"]}},"enrollmentInfo":{"count":40,"type":"ACTUAL"}},"armsInterventionsModule":{"armGroups":[{"label":"Shock wave treatment","type":"ACTIVE_COMPARATOR","description":"Shock waves are applied extracorporeally with 0.1 millijoule per square millimeter (mJ/mm2)","interventionNames":["Device: shock waves"]},{"label":"Placebo Shock wave treatment","type":"PLACEBO_COMPARATOR","description":"Shock waves are prohibited to enter the body by placebo stand-off.","interventionNames":["Device: shock waves"]}],"interventions":[{"type":"DEVICE","name":"shock waves","description":"extracorporeal shock waves: Verum: 0.1 mJ/mm2 Placebo: placebo stand-off","armGroupLabels":["Placebo Shock wave treatment","Shock wave treatment"],"otherNames":["ESWT","extracorporeal shock wave therapy"]}]},"outcomesModule":{"primaryOutcomes":[{"measure":"Effects of erection problems on the sex life (International Index of Erectile Function (IIEF) Questionnaire)","timeFrame":"up to 6 months post treatment"}],"secondaryOutcomes":[{"measure":"Quality of erection (Quality of Erection Questionnaire)","timeFrame":"At screening, 1, 3 and 6 months post treatment"}]},"eligibilityModule":{"eligibilityCriteria":"Inclusion Criteria:\n\n* Erectile dysfunction for more than 6 months\n* Informed consent\n* Positive effect of phosphodiesterase type 5 inhibitor (PDE5i)\n* IIEF-15 score less than 20\n* No neurological disease\n* Stable partnership for more than 3 months\n* Age 18-75\n\nExclusion Criteria:\n\n* Total prostatectomy\n* Another reason for ED except for vascular disorder\n* Clinically significant hematological disease\n* Heart stroke, Arrythmia during the last 6 months\n* Cancer during the last 5 years\n* Intake of antiandrogen\n* ED treatment with the last 7 days\n* IIEF score higher than, equal to 20\n* Previous shockwave treatment","healthyVolunteers":false,"sex":"MALE","minimumAge":"18 Years","maximumAge":"75 Years","stdAges":["ADULT","OLDER_ADULT"]},"contactsLocationsModule":{"locations":[{"facility":"Bethanien Krankenhaus Chemnitz gemeinnützige GmbH","city":"Chemnitz","country":"Germany","geoPoint":{"lat":50.8357,"lon":12.92922}}]}},"derivedSection":{"miscInfoModule":{"versionHolder":"2024-09-24"},"conditionBrowseModule":{"meshes":[{"id":"D000007172","term":"Erectile Dysfunction"}],"ancestors":[{"id":"D000005832","term":"Genital Diseases, Male"},{"id":"D000091662","term":"Genital Diseases"},{"id":"D000091642","term":"Urogenital Diseases"},{"id":"D000012735","term":"Sexual Dysfunction, Physiological"},{"id":"D000052801","term":"Male Urogenital Diseases"},{"id":"D000020018","term":"Sexual Dysfunctions, Psychological"},{"id":"D000001523","term":"Mental Disorders"}],"browseLeaves":[{"id":"M10217","name":"Erectile Dysfunction","asFound":"Erectile Dysfunction","relevance":"HIGH"},{"id":"M2876","name":"Genital Diseases","relevance":"LOW"},{"id":"M8944","name":"Genital Diseases, Male","relevance":"LOW"},{"id":"M2875","name":"Urogenital Diseases","relevance":"LOW"},{"id":"M15546","name":"Sexual Dysfunction, Physiological","relevance":"LOW"},{"id":"M27095","name":"Male Urogenital Diseases","relevance":"LOW"},{"id":"M21873","name":"Sexual Dysfunctions, Psychological","relevance":"LOW"},{"id":"M14473","name":"Psychotic Disorders","relevance":"LOW"},{"id":"M4815","name":"Mental Disorders","relevance":"LOW"}],"browseBranches":[{"abbrev":"BXS","name":"Urinary Tract, Sexual Organs, and Pregnancy Conditions"},{"abbrev":"BXM","name":"Behaviors and Mental Disorders"},{"abbrev":"All","name":"All Conditions"}]}},"hasResults":false}