{"protocolSection":{"identificationModule":{"nctId":"NCT02713789","orgStudyIdInfo":{"id":"ION04-ED"},"organization":{"fullName":"Urovant Sciences GmbH","class":"INDUSTRY"},"briefTitle":"Phase 2A Clinical Trial Evaluating the Potential Activity and Safety of hMaxi-K Gene for ED","officialTitle":"A Double-blind, Placebo-controlled, Parallel Design, Randomized, Phase 2A Clinical Trial Evaluating the Potential Activity and Safety of hMaxi-K Gene Transfer in Males With Erectile Dysfunction"},"statusModule":{"statusVerifiedDate":"2019-07","overallStatus":"COMPLETED","expandedAccessInfo":{"hasExpandedAccess":false},"startDateStruct":{"date":"2015-04"},"primaryCompletionDateStruct":{"date":"2017-08-24","type":"ACTUAL"},"completionDateStruct":{"date":"2017-08-24","type":"ACTUAL"},"studyFirstSubmitDate":"2016-03-01","studyFirstSubmitQcDate":"2016-03-15","studyFirstPostDateStruct":{"date":"2016-03-21","type":"ESTIMATED"},"resultsFirstSubmitDate":"2019-07-15","resultsFirstSubmitQcDate":"2019-07-17","resultsFirstPostDateStruct":{"date":"2019-08-08","type":"ACTUAL"},"lastUpdateSubmitDate":"2019-07-17","lastUpdatePostDateStruct":{"date":"2019-08-08","type":"ACTUAL"}},"sponsorCollaboratorsModule":{"responsibleParty":{"type":"SPONSOR"},"leadSponsor":{"name":"Urovant Sciences GmbH","class":"INDUSTRY"},"collaborators":[{"name":"Dasman Diabetes Institute","class":"OTHER"},{"name":"Ion Channel Innovations","class":"INDUSTRY"}]},"oversightModule":{"oversightHasDmc":false},"descriptionModule":{"briefSummary":"To evaluate the safety and efficacy of a single intracavernous injection of hMaxi K (8000 µg and 16000 µg) or placebo upon penile rigidity or erection in males with erectile dysfunction longer than six months that is attributable to an underlying, stable medical condition.","detailedDescription":"This study is a double-blind, placebo controlled, parallel design, Phase 2A study evaluating the potential activity and safety of a single administration of hMaxi-K (8000 or 16000 µg) or placebo (PBS sucrose 20%) injected into the corpus cavernosum of the penis in men who have been unable to tolerate, do not wish to continue, or have had unsuccessful results with, prior therapy for ED.\n\nThe study population is men with erectile dysfunction attributable to an underlying, stable medical condition but who are otherwise in good health. The target population is men with erectile dysfunction and those who have been unable to tolerate, do not wish to continue, or have had unsuccessful results with, prior therapy for ED and with an erectile function domain score of IIEF \\< 21 at screening and baseline.\n\nFollowing screening and study drug administration at Week 0 (Visit 2 \\[V2\\]), eligible participants will be evaluated at Weeks 1 (V3), 4 (V4), 8 (V5), 12 (V6), and 24 (V7). At each study visit, participants will have a physical examination including examination of the penis (all visits), vital signs, electrocardiogram (ECG) (all visits). Laboratory evaluations including chemistry and hematology will be done at V1, V3, V4, V6, and V7. Urinalysis will be done V1, V2 (prior to dosing), V3, V4, V6, and V7. Endocrine parameters and PTT, PT, sed rate and CRP will be evaluated at V1, V3, and V7. The participant will complete the erectile function domain of the IIEF and Sexual Encounter Profile (SEP) at screening/baseline and at V2, (SEP and IIEF at V2 prior to dosing) V3, V4, V5, V6, and V7. In all participants, plasma specimens will be collected to assay for the presence of hSlo DNA by PCR (V2-V7). These will be kept frozen at -20°C or less at the site for eventual assay by Sponsor.\n\nThe primary efficacy outcome measures will include the Erectile Function (EF) domain of the International Index of Erectile Function (IIEF), Sexual Encounter Profile (SEP), Questions 2 and 3 from SEP. The IIEF EF domain has a 30-point total score, where higher scores reflect better erectile function. SEP is a diary in which participants record each sexual attempt made throughout the study. The two questions from the Sexual Encounter Profile (SEP) deal with the ability to achieve vaginal penetration (SEP2), and the ability to maintain an erection long enough for successful intercourse (SEP3). The erectile function domain category of the IIEF will be used to evaluate the change in erectile status from baseline following administration of hMaxi-K. Change from baseline on the six questions of the IIEF's Erectile function domain category at every visit after administration of study drug will be calculated and compared among the two dose and one placebo groups.\n\nSafety will be assessed by analysis of adverse experiences, and abnormal findings on clinical laboratory tests, electrocardiogram, and physical examinations.\n\n6 months per participant (approximately 2 years to enroll all participants)\n\nA total of 35 participants were planned to be enrolled; N=11 on 8000 µg; N=11 on 16000 µg; N=13 on placebo.\n\nBoth the safety data and data to assess activity will be presented as means and standard deviations or medians and ranges as appropriate for continuous data, and analyzed using either paired t- or Wilcox on Sign Rank tests for within group changes, and with mixed effects or marginal models to determine differences in trends among the three cohorts over time. Incidence of adverse events will be presented as relative frequencies within groups."},"conditionsModule":{"conditions":["Erectile Dysfunction"],"keywords":["ED"]},"designModule":{"studyType":"INTERVENTIONAL","phases":["PHASE2"],"designInfo":{"allocation":"RANDOMIZED","interventionModel":"PARALLEL","primaryPurpose":"OTHER","maskingInfo":{"masking":"DOUBLE","whoMasked":["PARTICIPANT","INVESTIGATOR"]}},"enrollmentInfo":{"count":26,"type":"ACTUAL"}},"armsInterventionsModule":{"armGroups":[{"label":"hMaxi-K","type":"ACTIVE_COMPARATOR","description":"Single Treatment/ two escalating dose levels (8000 µg and 16,000 µg injection). In each dose level, 11 participants will receive hMaxi-K and 6 will receive placebo (only one injection per each participant)","interventionNames":["Drug: hMaxi-K Single Treatment/ 2 escalating dose levels (8000 µg and 16000 µg injection)"]},{"label":"Placebo (PBS-20% sucrose)","type":"PLACEBO_COMPARATOR","description":"PBS-20% sucrose administered during two single treatment dose levels (8000 µg and 16000 µg) by injection (only one injection per each participant)","interventionNames":["Drug: Placebo (PBS-20% sucrose)"]}],"interventions":[{"type":"DRUG","name":"hMaxi-K Single Treatment/ 2 escalating dose levels (8000 µg and 16000 µg injection)","armGroupLabels":["hMaxi-K"],"otherNames":["hMaxi-K","URO-902"]},{"type":"DRUG","name":"Placebo (PBS-20% sucrose)","armGroupLabels":["Placebo (PBS-20% sucrose)"],"otherNames":["Placebo"]}]},"outcomesModule":{"primaryOutcomes":[{"measure":"Number of Participants With Adverse Experiences as Measured by Changes in Physical Examination of the Penis","description":"Physical examination of the penis included inspection and palpation.","timeFrame":"up to Week 24 ± 3 days"},{"measure":"Number of Participants With Significant Changes in Clinical Laboratory Parameters as Measured on Interval Blood and Urine Tests","description":"Clinical significance was determined by the Investigator using central laboratory values.","timeFrame":"up to Week 24 ± 3 days"},{"measure":"Number of Participants With Significant Changes on the Cardiogram as Measured by Significant Prolongation of QT Intervals and Cardiac Rhythm","description":"Clinical significance was determined by the Investigator using central laboratory values.","timeFrame":"up to Week 24 ± 3 days"}],"secondaryOutcomes":[{"measure":"Mean Change From Baseline in the Percentage of \"Yes\" Responses to Questions 2 and 3 of the Sexual Encounter Profile (SEP) at Week 24","description":"SEP is a diary in which participants record each sexual attempt made throughout the study and is composed of 5 questions assessing sexual function. Two questions from the SEP deal with the ability to achieve vaginal penetration (Question 2: Were you able to insert your penis into your partner's vagina?), and the ability to maintain an erection (Question 3: Did your erection last long enough for you to have successful intercourse?). The number of \"yes\" response to each question in the SEP was computed as (Sum of all \"yes\" responses to respective SEP question /Total number of responses to that SEP question)\\*100. Change from Baseline was calculated as the post-Baseline value minus the Baseline value.","timeFrame":"Baseline; Week 24"},{"measure":"Change From Baseline in the Erectile Function (EF) Domain of the International Index of Erectile Function (IIEF) at Week 24","description":"The IIEF is a validated, self-administered questionnaire that is a valid measure of male erectile dysfunction. The test contains 15 questions in 5 domains: (1) Erectile duration/function (questions \\[Q\\] 01 to 05 and 15); (2) Orgasmic function (questions 09 and 10); (3) Sexual desire (questions 11 and 12); (4) Intercourse satisfaction (questions 06, 07, and 08); (5) Overall sexual satisfaction (questions 13 and 14). The EF domain has been validated to assess erectile changes only. The domain-specific scores were calculated as the sum of the scores of the questions in the respective domain; thus, the total score of the EF domain was the sum of the 6 questions. Score range: 0 to 5 (Q01 to Q05), 1 to 5 (Q15). Total score: 1 to 30. Higher scores reflect better erectile function. Change from Baseline was calculated as the post-Baseline score minus the Baseline score.","timeFrame":"Baseline; Week 24"},{"measure":"Change From Baseline in the Orgasmic Function Domain of the International Index of Erectile Function (IIEF) at Week 24","description":"The IIEF is a validated, self-administered questionnaire that is a valid measure of male erectile dysfunction. The test contains 15 questions in 5 domains: (1) Erectile duration/function (questions 01 to 05 and 15); (2) Orgasmic function (questions 09 and 10); (3) Sexual desire (questions 11 and 12); (4) Intercourse satisfaction (questions 06, 07, and 08); (5) Overall sexual satisfaction (questions 13 and 14). The domain-specific scores were calculated as the sum of the scores of the questions in the respective domain; thus, the total score of the Orgasmic Function domain was the sum of 2 questions. Score range: 0 to 5 (Q09 and Q10). Total score: 0 to 10. Higher scores reflect better erectile function. Change from Baseline was calculated as the post-Baseline score minus the Baseline score.","timeFrame":"Baseline; Week 24"},{"measure":"Change From Baseline in the Sexual Desire Domain of the International Index of Erectile Function (IIEF) at Week 24","description":"The IIEF is a validated, self-administered questionnaire that is a valid measure of male erectile dysfunction. The test contains 15 questions in 5 domains: (1) Erectile duration/function (questions 01 to 05 and 15); (2) Orgasmic function (questions 09 and 10); (3) Sexual desire (questions 11 and 12); (4) Intercourse satisfaction (questions 06, 07, and 08); (5) Overall sexual satisfaction (questions 13 and 14). The domain-specific scores were calculated as the sum of the scores of the questions in the respective domain; thus, the total score of the Sexual Desire domain was the sum of 2 questions. Score range: 1 to 5 (Q11 and Q12). Total score: 2 to 10. Higher scores reflect better erectile function. Change from Baseline was calculated as the post-Baseline score minus the Baseline score.","timeFrame":"Baseline; Week 24"},{"measure":"Change From Baseline in the Intercourse Satisfaction Domain of the International Index of Erectile Function (IIEF) at Week 24","description":"The IIEF is a validated, self-administered questionnaire that is a valid measure of male erectile dysfunction. The test contains 15 questions in 5 domains: (1) Erectile duration/function (questions 01 to 05 and 15); (2) Orgasmic function (questions 09 and 10); (3) Sexual desire (questions 11 and 12); (4) Intercourse satisfaction (questions 06, 07, and 08); (5) Overall sexual satisfaction (questions 13 and 14). The domain-specific scores were calculated as the sum of the scores of the questions in the respective domain; thus, the total score of the Intercourse Satisfaction domain was the sum of 3 questions. Score range: 0 to 5 (Q06 through Q8). Total score: 0 to 15. Higher scores reflect better erectile function. Change from Baseline was calculated as the post-Baseline score minus the Baseline score.","timeFrame":"Baseline; Week 24"},{"measure":"Change From Baseline in the Overall Sexual Satisfaction Domain of the International Index of Erectile Function (IIEF) at Week 24","description":"The IIEF is a validated, self-administered questionnaire that is a valid measure of male erectile dysfunction. The test contains 15 questions in 5 domains: (1) Erectile duration/function (questions 01 to 05 and 15); (2) Orgasmic function (questions 09 and 10); (3) Sexual desire (questions 11 and 12); (4) Intercourse satisfaction (questions 06, 07, and 08); (5) Overall sexual satisfaction (questions 13 and 14). The domain-specific scores were calculated as the sum of the scores of the questions in the respective domain; thus, the total score of the Overall Sexual Satisfaction domain was the sum of 2 questions. Score range: 1 to 5 (Q13 and Q14). Total score: 2 to 10. Higher scores reflect better erectile function. Change from Baseline was calculated as the post-Baseline score minus the Baseline score.","timeFrame":"Baseline; Week 24"},{"measure":"Mean Change From Baseline in the Percentage of \"Yes\" Responses to Questions 1, 4, and 5 of the Sexual Encounter Profile (SEP) at Week 24","description":"SEP is a diary in which participants record each sexual attempt made throughout the study and is composed of 5 questions assessing sexual function. Question 1: Were you able to achieve at least some erection?; Question 4: Were you satisfied with the hardness of your erection?; Question 5: Overall, were you satisfied with the sexual experience? The number of \"yes\" response to each question in the SEP was computed as (Sum of all \"yes\" responses to respective SEP question /Total number of responses to that SEP question)\\*100. Change from Baseline was calculated as the post-Baseline value minus the Baseline value.","timeFrame":"Baseline; Week 24"}]},"eligibilityModule":{"eligibilityCriteria":"Inclusion Criteria:\n\n* Eligible participants must meet the following inclusion criteria:\n\n  1. Signed Informed Consent\n  2. Be adult males over 18 years of age diagnosed with erectile dysfunction and whose ED is attributable to an underlying, stable medical condition such as hypertension and atherosclerosis, antihypertensive medication, type I and type II diabetes mellitus, pelvic surgery and pelvic radiation, cerebrovascular accidents (stroke), multiple sclerosis, and Parkinson's disease;\n  3. Participants must have been unable to have successful sexual intercourse for 3 months prior to study entry without specific ED therapy such as Vacuum Erection device (VED), ViagraTM (sildenafil), Cialis TM (tadalafil), MuseTM (alprostadil), or intracavernous injection therapy with an erectile function domain score of IIEF\\<21 at screening and baseline;\n  4. Have been unable to tolerate, do not wish to continue, or have had unsuccessful results with, prior therapy for ED, e.g., ViagraTM, intracavernous injection therapy, MuseTM, or VED;\n  5. If diabetic, documentation of HgA1c less than or equal to 8.0% prior to enrollment;\n  6. If receiving medication for hypertension, documentation of blood pressure has been stable on the same medication for at least 2 months prior to enrollment;\n  7. Be heterosexual and in a stable, monogamous relationship of at least six months duration;\n  8. Agree to attempt intercourse with their partner at least four times per month while participating in the study;\n  9. Agree not to use other treatments for ED while participating in this study;\n  10. Have screening laboratory values and ECG that are within the normal range. See exclusion criterion below.\n  11. A prior penile prosthetic implant;\n  12. Have a normal physical examination of the penis;\n  13. If participant had a radical prostatectomy a PSA \\<0.4 for at least one year documented by 2 measurements during the preceding year;\n  14. Be literate, able to give written informed consent, and comply with all study procedures and requirements.\n\nExclusion Criteria:\n\n1. A history of sickle-cell disease, sickle cell trait, or any other medical condition that, in the judgment of the investigator, would contraindicate the administration of study medication or interfere with the study evaluations;\n2. In the judgment of the investigator any condition that would interfere with participation in the study (including geographical inaccessibility), that would contraindicate the administration of study medication or interfere with the study evaluations.\n3. Had within six months prior to enrollment any of the following:\n\n   * Myocardial infarction\n   * Cerebrovascular accident\n   * Uncontrolled hypertension (systolic \\>160 or diastolic \\>100mmHg)\n   * Arrhythmia\n   * Congestive heart failure (dyspnea on minimal exertion or while supine)\n   * Unstable angina (chest pain greater than three times weekly while on therapy)\n   * Required treatment with calcium channel, beta-blocker medication, nitrates, or anti-epileptic drugs;\n4. Poorly controlled diabetes mellitus as defined by HgA1c \\> 8.0 mg% at time of enrollment;\n5. Change in medication for diabetes or hypertension within 2 months of study enrollment;\n6. Gonadal failure (testosterone \\< 200 ng/dl) not treated with hormone replacement;\n7. History of malignancy except non-melanomatous skin cancers;\n8. A life expectancy of less than 12 months;\n9. An indwelling urethral catheter;\n10. A prior penile prosthetic implant;\n11. Received an investigational drug, investigational therapy, or other form of ED therapy, including approved treatments, within the past 30 days;\n12. Peyronie's disease;\n13. Any screening laboratory values outside of the normal laboratory range as defined by the central laboratory normal ranges and in the judgment of the investigator is considered clinically significant (hepatic biochemical markers \\[AST, ALT, GGT, alkaline phosphatase, and bilirubin\\] \\> twice the upper limit of the normal reference range may be accepted with written consent of the sponsor).\n14. Any clinically significant ECG abnormality\n\nNOTE: Sinus bradycardia of 50-59 bpm is permissible. Other abnormalities that can be normal variants (and considered clinically insignificant) may be permissible. However, participants with such abnormalities cannot be randomized without review of their medical history and prior written approval of the sponsor (or designee).","healthyVolunteers":false,"sex":"MALE","minimumAge":"18 Years","maximumAge":"80 Years","stdAges":["ADULT","OLDER_ADULT"]},"contactsLocationsModule":{"locations":[{"facility":"Dasman Diabetes Institute","city":"Kuwait city","state":"Dasman","zip":"1180","country":"Kuwait","geoPoint":{"lat":29.36972,"lon":47.97833}}]},"ipdSharingStatementModule":{"ipdSharing":"YES","description":"publication"}},"resultsSection":{"participantFlowModule":{"groups":[{"id":"FG000","title":"hMaxi-K 8000 µg","description":"Participants received a single injection of hMaxi-K 8000 micrograms (µg) into the corpus cavernosum of the penis."},{"id":"FG001","title":"hMaxi-K 16000 µg","description":"Participants received a single injection of hMaxi-K 16000 µg into the corpus cavernosum of the penis."},{"id":"FG002","title":"Placebo","description":"Participants received a single injection of matching placebo (PBS-20% sucrose) into the corpus cavernosum of the penis."}],"periods":[{"title":"Overall Study","milestones":[{"type":"STARTED","achievements":[{"groupId":"FG000","numSubjects":"8"},{"groupId":"FG001","numSubjects":"10"},{"groupId":"FG002","numSubjects":"8"}]},{"type":"COMPLETED","achievements":[{"groupId":"FG000","numSubjects":"8"},{"groupId":"FG001","numSubjects":"9"},{"groupId":"FG002","numSubjects":"7"}]},{"type":"NOT COMPLETED","achievements":[{"groupId":"FG000","numSubjects":"0"},{"groupId":"FG001","numSubjects":"1"},{"groupId":"FG002","numSubjects":"1"}]}],"dropWithdraws":[{"type":"Lost to Follow-up","reasons":[{"groupId":"FG000","numSubjects":"0"},{"groupId":"FG001","numSubjects":"1"},{"groupId":"FG002","numSubjects":"1"}]}]}]},"baselineCharacteristicsModule":{"groups":[{"id":"BG000","title":"hMaxi-K 8000 µg","description":"Participants received a single injection of hMaxi-K 8000 micrograms (µg) into the corpus cavernosum of the penis."},{"id":"BG001","title":"hMaxi-K 16000 µg","description":"Participants received a single injection of hMaxi-K 16000 µg into the corpus cavernosum of the penis."},{"id":"BG002","title":"Placebo","description":"Participants received a single injection of matching placebo (PBS-20% sucrose) into the corpus cavernosum of the penis."},{"id":"BG003","title":"Total","description":"Total of all reporting groups"}],"denoms":[{"units":"Participants","counts":[{"groupId":"BG000","value":"8"},{"groupId":"BG001","value":"10"},{"groupId":"BG002","value":"8"},{"groupId":"BG003","value":"26"}]}],"measures":[{"title":"Age, Continuous","paramType":"MEAN","dispersionType":"STANDARD_DEVIATION","unitOfMeasure":"years","classes":[{"categories":[{"measurements":[{"groupId":"BG000","value":"55.8","spread":"7.32"},{"groupId":"BG001","value":"59.7","spread":"9.2"},{"groupId":"BG002","value":"59.1","spread":"6.31"},{"groupId":"BG003","value":"58.3","spread":"7.73"}]}]}]},{"title":"Sex: Female, Male","paramType":"COUNT_OF_PARTICIPANTS","unitOfMeasure":"Participants","classes":[{"categories":[{"title":"Female","measurements":[{"groupId":"BG000","value":"0"},{"groupId":"BG001","value":"0"},{"groupId":"BG002","value":"0"},{"groupId":"BG003","value":"0"}]},{"title":"Male","measurements":[{"groupId":"BG000","value":"8"},{"groupId":"BG001","value":"10"},{"groupId":"BG002","value":"8"},{"groupId":"BG003","value":"26"}]}]}]},{"title":"Race/Ethnicity, Customized","paramType":"COUNT_OF_PARTICIPANTS","unitOfMeasure":"Participants","classes":[{"title":"Middle Eastern","categories":[{"measurements":[{"groupId":"BG000","value":"7"},{"groupId":"BG001","value":"10"},{"groupId":"BG002","value":"8"},{"groupId":"BG003","value":"25"}]}]},{"title":"Asian","categories":[{"measurements":[{"groupId":"BG000","value":"1"},{"groupId":"BG001","value":"0"},{"groupId":"BG002","value":"0"},{"groupId":"BG003","value":"1"}]}]}]}]},"outcomeMeasuresModule":{"outcomeMeasures":[{"type":"PRIMARY","title":"Number of Participants With Adverse Experiences as Measured by Changes in Physical Examination of the Penis","description":"Physical examination of the penis included inspection and palpation.","populationDescription":"Safety Population: all participants who were randomized to any of the treatment groups and who have received at least one dose of study treatment","reportingStatus":"POSTED","paramType":"COUNT_OF_PARTICIPANTS","unitOfMeasure":"Participants","timeFrame":"up to Week 24 ± 3 days","groups":[{"id":"OG000","title":"hMaxi-K 8000 µg","description":"Participants received a single injection of hMaxi-K 8000 micrograms (µg) into the corpus cavernosum of the penis."},{"id":"OG001","title":"hMaxi-K 16000 µg","description":"Participants received a single injection of hMaxi-K 16000 µg into the corpus cavernosum of the penis."},{"id":"OG002","title":"Placebo","description":"Participants received a single injection of matching placebo (PBS-20% sucrose) into the corpus cavernosum of the penis."}],"denoms":[{"units":"Participants","counts":[{"groupId":"OG000","value":"8"},{"groupId":"OG001","value":"10"},{"groupId":"OG002","value":"8"}]}],"classes":[{"categories":[{"measurements":[{"groupId":"OG000","value":"0"},{"groupId":"OG001","value":"0"},{"groupId":"OG002","value":"0"}]}]}]},{"type":"PRIMARY","title":"Number of Participants With Significant Changes in Clinical Laboratory Parameters as Measured on Interval Blood and Urine Tests","description":"Clinical significance was determined by the Investigator using central laboratory values.","populationDescription":"Safety Population","reportingStatus":"POSTED","paramType":"COUNT_OF_PARTICIPANTS","unitOfMeasure":"Participants","timeFrame":"up to Week 24 ± 3 days","groups":[{"id":"OG000","title":"hMaxi-K 8000 µg","description":"Participants received a single injection of hMaxi-K 8000 micrograms (µg) into the corpus cavernosum of the penis."},{"id":"OG001","title":"hMaxi-K 16000 µg","description":"Participants received a single injection of hMaxi-K 16000 µg into the corpus cavernosum of the penis."},{"id":"OG002","title":"Placebo","description":"Participants received a single injection of matching placebo (PBS-20% sucrose) into the corpus cavernosum of the penis."}],"denoms":[{"units":"Participants","counts":[{"groupId":"OG000","value":"8"},{"groupId":"OG001","value":"10"},{"groupId":"OG002","value":"8"}]}],"classes":[{"categories":[{"measurements":[{"groupId":"OG000","value":"0"},{"groupId":"OG001","value":"0"},{"groupId":"OG002","value":"0"}]}]}]},{"type":"PRIMARY","title":"Number of Participants With Significant Changes on the Cardiogram as Measured by Significant Prolongation of QT Intervals and Cardiac Rhythm","description":"Clinical significance was determined by the Investigator using central laboratory values.","populationDescription":"Safety Population","reportingStatus":"POSTED","paramType":"COUNT_OF_PARTICIPANTS","unitOfMeasure":"Participants","timeFrame":"up to Week 24 ± 3 days","groups":[{"id":"OG000","title":"hMaxi-K 8000 µg","description":"Participants received a single injection of hMaxi-K 8000 micrograms (µg) into the corpus cavernosum of the penis."},{"id":"OG001","title":"hMaxi-K 16000 µg","description":"Participants received a single injection of hMaxi-K 16000 µg into the corpus cavernosum of the penis."},{"id":"OG002","title":"Placebo","description":"Participants received a single injection of matching placebo (PBS-20% sucrose) into the corpus cavernosum of the penis."}],"denoms":[{"units":"Participants","counts":[{"groupId":"OG000","value":"8"},{"groupId":"OG001","value":"10"},{"groupId":"OG002","value":"8"}]}],"classes":[{"categories":[{"measurements":[{"groupId":"OG000","value":"0"},{"groupId":"OG001","value":"2"},{"groupId":"OG002","value":"0"}]}]}]},{"type":"SECONDARY","title":"Mean Change From Baseline in the Percentage of \"Yes\" Responses to Questions 2 and 3 of the Sexual Encounter Profile (SEP) at Week 24","description":"SEP is a diary in which participants record each sexual attempt made throughout the study and is composed of 5 questions assessing sexual function. Two questions from the SEP deal with the ability to achieve vaginal penetration (Question 2: Were you able to insert your penis into your partner's vagina?), and the ability to maintain an erection (Question 3: Did your erection last long enough for you to have successful intercourse?). The number of \"yes\" response to each question in the SEP was computed as (Sum of all \"yes\" responses to respective SEP question /Total number of responses to that SEP question)\\*100. Change from Baseline was calculated as the post-Baseline value minus the Baseline value.","populationDescription":"Modified Intent-to-Treat (mITT) Population: all participants in the Intent-to-Treat (ITT) Population (all participants who were randomized to either of the treatment groups and who received at least one dose of study treatment) who had at least one post-dose efficacy assessment","reportingStatus":"POSTED","paramType":"MEAN","dispersionType":"95% Confidence Interval","unitOfMeasure":"percentage of responses","timeFrame":"Baseline; Week 24","groups":[{"id":"OG000","title":"hMaxi-K 8000 µg","description":"Participants received a single injection of hMaxi-K 8000 micrograms (µg) into the corpus cavernosum of the penis."},{"id":"OG001","title":"hMaxi-K 16000 µg","description":"Participants received a single injection of hMaxi-K 16000 µg into the corpus cavernosum of the penis."},{"id":"OG002","title":"Placebo","description":"Participants received a single injection of matching placebo (PBS-20% sucrose) into the corpus cavernosum of the penis."}],"denoms":[{"units":"Participants","counts":[{"groupId":"OG000","value":"8"},{"groupId":"OG001","value":"10"},{"groupId":"OG002","value":"8"}]}],"classes":[{"title":"SEP2","categories":[{"measurements":[{"groupId":"OG000","value":"-18.8","lowerLimit":"-47.78","upperLimit":"10.28"},{"groupId":"OG001","value":"-16.7","lowerLimit":"-57.45","upperLimit":"24.12"},{"groupId":"OG002","value":"-28.6","lowerLimit":"-73.70","upperLimit":"16.56"}]}]},{"title":"SEP3","categories":[{"measurements":[{"groupId":"OG000","value":"-3.1","lowerLimit":"-10.51","upperLimit":"4.26"},{"groupId":"OG001","value":"0","lowerLimit":"0","upperLimit":"0"},{"groupId":"OG002","value":"0","lowerLimit":"-53.40","upperLimit":"53.40"}]}]}],"analyses":[{"groupIds":["OG000","OG002"],"groupDescription":"SEP2","nonInferiorityType":"SUPERIORITY","pValue":"0.827","statisticalMethod":"ANCOVA"},{"groupIds":["OG001","OG002"],"groupDescription":"SEP2","nonInferiorityType":"SUPERIORITY","pValue":"0.594","statisticalMethod":"ANCOVA"},{"groupIds":["OG000","OG002"],"groupDescription":"SEP3","nonInferiorityType":"SUPERIORITY","pValue":"0.274","statisticalMethod":"ANCOVA"},{"groupIds":["OG001","OG002"],"groupDescription":"SEP3","nonInferiorityType":"SUPERIORITY","pValue":"0.766","statisticalMethod":"ANCOVA"}]},{"type":"SECONDARY","title":"Change From Baseline in the Erectile Function (EF) Domain of the International Index of Erectile Function (IIEF) at Week 24","description":"The IIEF is a validated, self-administered questionnaire that is a valid measure of male erectile dysfunction. The test contains 15 questions in 5 domains: (1) Erectile duration/function (questions \\[Q\\] 01 to 05 and 15); (2) Orgasmic function (questions 09 and 10); (3) Sexual desire (questions 11 and 12); (4) Intercourse satisfaction (questions 06, 07, and 08); (5) Overall sexual satisfaction (questions 13 and 14). The EF domain has been validated to assess erectile changes only. The domain-specific scores were calculated as the sum of the scores of the questions in the respective domain; thus, the total score of the EF domain was the sum of the 6 questions. Score range: 0 to 5 (Q01 to Q05), 1 to 5 (Q15). Total score: 1 to 30. Higher scores reflect better erectile function. Change from Baseline was calculated as the post-Baseline score minus the Baseline score.","populationDescription":"mITT Population. Only those participants with data available were analyzed.","reportingStatus":"POSTED","paramType":"MEAN","dispersionType":"Standard Error","unitOfMeasure":"score on a scale","timeFrame":"Baseline; Week 24","groups":[{"id":"OG000","title":"hMaxi-K 8000 µg","description":"Participants received a single injection of hMaxi-K 8000 micrograms (µg) into the corpus cavernosum of the penis."},{"id":"OG001","title":"hMaxi-K 16000 µg","description":"Participants received a single injection of hMaxi-K 16000 µg into the corpus cavernosum of the penis."},{"id":"OG002","title":"Placebo","description":"Participants received a single injection of matching placebo (PBS-20% sucrose) into the corpus cavernosum of the penis."}],"denoms":[{"units":"Participants","counts":[{"groupId":"OG000","value":"8"},{"groupId":"OG001","value":"9"},{"groupId":"OG002","value":"7"}]}],"classes":[{"categories":[{"measurements":[{"groupId":"OG000","value":"-0.9","spread":"2.86"},{"groupId":"OG001","value":"-2.1","spread":"1.85"},{"groupId":"OG002","value":"-5.3","spread":"2.08"}]}]}],"analyses":[{"groupIds":["OG000"],"nonInferiorityType":"SUPERIORITY","pValue":"0.384","statisticalMethod":"t-test, 1 sided","statisticalComment":"one-sided paired t-test at 5% significance level"},{"groupIds":["OG001"],"nonInferiorityType":"SUPERIORITY","pValue":"0.144","statisticalMethod":"t-test, 1 sided","statisticalComment":"one-sided paired t-test at 5% significance level"},{"groupIds":["OG002"],"nonInferiorityType":"SUPERIORITY","pValue":"0.022","statisticalMethod":"t-test, 1 sided","statisticalComment":"one-sided paired t-test at 5% significance level"},{"groupIds":["OG001","OG002"],"nonInferiorityType":"SUPERIORITY","pValue":"0.137","statisticalMethod":"t-test, 1 sided","statisticalComment":"p-value (one-sided) corresponds to the two sample t-test analysis"},{"groupIds":["OG000","OG002"],"nonInferiorityType":"SUPERIORITY","pValue":"0.123","statisticalMethod":"t-test, 1 sided","statisticalComment":"p-value (one-sided) corresponds to the two sample t-test analysis"}]},{"type":"SECONDARY","title":"Change From Baseline in the Orgasmic Function Domain of the International Index of Erectile Function (IIEF) at Week 24","description":"The IIEF is a validated, self-administered questionnaire that is a valid measure of male erectile dysfunction. The test contains 15 questions in 5 domains: (1) Erectile duration/function (questions 01 to 05 and 15); (2) Orgasmic function (questions 09 and 10); (3) Sexual desire (questions 11 and 12); (4) Intercourse satisfaction (questions 06, 07, and 08); (5) Overall sexual satisfaction (questions 13 and 14). The domain-specific scores were calculated as the sum of the scores of the questions in the respective domain; thus, the total score of the Orgasmic Function domain was the sum of 2 questions. Score range: 0 to 5 (Q09 and Q10). Total score: 0 to 10. Higher scores reflect better erectile function. Change from Baseline was calculated as the post-Baseline score minus the Baseline score.","populationDescription":"mITT Population. Only those participants with data available were analyzed.","reportingStatus":"POSTED","paramType":"MEAN","dispersionType":"Standard Error","unitOfMeasure":"score on a scale","timeFrame":"Baseline; Week 24","groups":[{"id":"OG000","title":"hMaxi-K 8000 µg","description":"Participants received a single injection of hMaxi-K 8000 micrograms (µg) into the corpus cavernosum of the penis."},{"id":"OG001","title":"hMaxi-K 16000 µg","description":"Participants received a single injection of hMaxi-K 16000 µg into the corpus cavernosum of the penis."},{"id":"OG002","title":"Placebo","description":"Participants received a single injection of matching placebo (PBS-20% sucrose) into the corpus cavernosum of the penis."}],"denoms":[{"units":"Participants","counts":[{"groupId":"OG000","value":"8"},{"groupId":"OG001","value":"9"},{"groupId":"OG002","value":"7"}]}],"classes":[{"categories":[{"measurements":[{"groupId":"OG000","value":"-1.5","spread":"1.40"},{"groupId":"OG001","value":"1.1","spread":"1.30"},{"groupId":"OG002","value":"-0.3","spread":"0.57"}]}]}],"analyses":[{"groupIds":["OG000"],"nonInferiorityType":"SUPERIORITY","pValue":"0.160","statisticalMethod":"t-test, 1 sided","statisticalComment":"one-sided paired t-test at 5% significance level"},{"groupIds":["OG001"],"nonInferiorityType":"SUPERIORITY","pValue":"0.208","statisticalMethod":"t-test, 1 sided","statisticalComment":"one-sided paired t-test at 5% significance level"},{"groupIds":["OG002"],"nonInferiorityType":"SUPERIORITY","pValue":"0.316","statisticalMethod":"t-test, 1 sided","statisticalComment":"one-sided paired t-test at 5% significance level"},{"groupIds":["OG000","OG002"],"nonInferiorityType":"SUPERIORITY","pValue":"0.221","statisticalMethod":"t-test, 1 sided","statisticalComment":"p-value (one-sided) corresponds to the two sample t-test analysis"},{"groupIds":["OG001","OG002"],"nonInferiorityType":"SUPERIORITY","pValue":"0.172","statisticalMethod":"t-test, 1 sided","statisticalComment":"p-value (one-sided) corresponds to the two sample t-test analysis"}]},{"type":"SECONDARY","title":"Change From Baseline in the Sexual Desire Domain of the International Index of Erectile Function (IIEF) at Week 24","description":"The IIEF is a validated, self-administered questionnaire that is a valid measure of male erectile dysfunction. The test contains 15 questions in 5 domains: (1) Erectile duration/function (questions 01 to 05 and 15); (2) Orgasmic function (questions 09 and 10); (3) Sexual desire (questions 11 and 12); (4) Intercourse satisfaction (questions 06, 07, and 08); (5) Overall sexual satisfaction (questions 13 and 14). The domain-specific scores were calculated as the sum of the scores of the questions in the respective domain; thus, the total score of the Sexual Desire domain was the sum of 2 questions. Score range: 1 to 5 (Q11 and Q12). Total score: 2 to 10. Higher scores reflect better erectile function. Change from Baseline was calculated as the post-Baseline score minus the Baseline score.","populationDescription":"mITT Population. Only those participants with data available were analyzed.","reportingStatus":"POSTED","paramType":"MEAN","dispersionType":"Standard Error","unitOfMeasure":"score on a scale","timeFrame":"Baseline; Week 24","groups":[{"id":"OG000","title":"hMaxi-K 8000 µg","description":"Participants received a single injection of hMaxi-K 8000 micrograms (µg) into the corpus cavernosum of the penis."},{"id":"OG001","title":"hMaxi-K 16000 µg","description":"Participants received a single injection of hMaxi-K 16000 µg into the corpus cavernosum of the penis."},{"id":"OG002","title":"Placebo","description":"Participants received a single injection of matching placebo (PBS-20% sucrose) into the corpus cavernosum of the penis."}],"denoms":[{"units":"Participants","counts":[{"groupId":"OG000","value":"8"},{"groupId":"OG001","value":"9"},{"groupId":"OG002","value":"7"}]}],"classes":[{"categories":[{"measurements":[{"groupId":"OG000","value":"-0.9","spread":"0.97"},{"groupId":"OG001","value":"-1.0","spread":"1.14"},{"groupId":"OG002","value":"0.0","spread":"1.29"}]}]}],"analyses":[{"groupIds":["OG000"],"nonInferiorityType":"SUPERIORITY","pValue":"0.199","statisticalMethod":"t-test, 1 sided","statisticalComment":"one-sided paired t-test at 5% significance level"},{"groupIds":["OG001"],"nonInferiorityType":"SUPERIORITY","pValue":"0.203","statisticalMethod":"t-test, 1 sided","statisticalComment":"one-sided paired t-test at 5% significance level"},{"groupIds":["OG002"],"nonInferiorityType":"SUPERIORITY","pValue":"0.500","statisticalMethod":"t-test, 1 sided","statisticalComment":"one-sided paired t-test at 5% significance level"},{"groupIds":["OG000","OG002"],"nonInferiorityType":"SUPERIORITY","pValue":"0.296","statisticalMethod":"t-test, 1 sided","statisticalComment":"p-value (one-sided) corresponds to the two sample t-test analysis"},{"groupIds":["OG001","OG002"],"nonInferiorityType":"SUPERIORITY","pValue":"0.286","statisticalMethod":"t-test, 1 sided","statisticalComment":"p-value (one-sided) corresponds to the two sample t-test analysis"}]},{"type":"SECONDARY","title":"Change From Baseline in the Intercourse Satisfaction Domain of the International Index of Erectile Function (IIEF) at Week 24","description":"The IIEF is a validated, self-administered questionnaire that is a valid measure of male erectile dysfunction. The test contains 15 questions in 5 domains: (1) Erectile duration/function (questions 01 to 05 and 15); (2) Orgasmic function (questions 09 and 10); (3) Sexual desire (questions 11 and 12); (4) Intercourse satisfaction (questions 06, 07, and 08); (5) Overall sexual satisfaction (questions 13 and 14). The domain-specific scores were calculated as the sum of the scores of the questions in the respective domain; thus, the total score of the Intercourse Satisfaction domain was the sum of 3 questions. Score range: 0 to 5 (Q06 through Q8). Total score: 0 to 15. Higher scores reflect better erectile function. Change from Baseline was calculated as the post-Baseline score minus the Baseline score.","populationDescription":"mITT Population. Only those participants with data available were analyzed.","reportingStatus":"POSTED","paramType":"MEAN","dispersionType":"Standard Error","unitOfMeasure":"score on a scale","timeFrame":"Baseline; Week 24","groups":[{"id":"OG000","title":"hMaxi-K 8000 µg","description":"Participants received a single injection of hMaxi-K 8000 micrograms (µg) into the corpus cavernosum of the penis."},{"id":"OG001","title":"hMaxi-K 16000 µg","description":"Participants received a single injection of hMaxi-K 16000 µg into the corpus cavernosum of the penis."},{"id":"OG002","title":"Placebo","description":"Participants received a single injection of matching placebo (PBS-20% sucrose) into the corpus cavernosum of the penis."}],"denoms":[{"units":"Participants","counts":[{"groupId":"OG000","value":"8"},{"groupId":"OG001","value":"9"},{"groupId":"OG002","value":"7"}]}],"classes":[{"categories":[{"measurements":[{"groupId":"OG000","value":"-0.1","spread":"0.93"},{"groupId":"OG001","value":"-0.3","spread":"1.07"},{"groupId":"OG002","value":"-2.3","spread":"0.75"}]}]}],"analyses":[{"groupIds":["OG000"],"nonInferiorityType":"SUPERIORITY","pValue":"0.449","statisticalMethod":"t-test, 1 sided","statisticalComment":"one-sided paired t-test at 5% significance level"},{"groupIds":["OG001"],"nonInferiorityType":"SUPERIORITY","pValue":"0.381","statisticalMethod":"t-test, 1 sided","statisticalComment":"one-sided paired t-test at 5% significance level"},{"groupIds":["OG002"],"nonInferiorityType":"SUPERIORITY","pValue":"0.011","statisticalMethod":"t-test, 1 sided","statisticalComment":"one-sided paired t-test at 5% significance level"},{"groupIds":["OG000","OG002"],"nonInferiorityType":"SUPERIORITY","pValue":"0.05","statisticalMethod":"t-test, 1 sided","statisticalComment":"p-value (one-sided) corresponds to the two sample t-test analysis"},{"groupIds":["OG001","OG002"],"nonInferiorityType":"SUPERIORITY","pValue":"0.09","statisticalMethod":"t-test, 1 sided","statisticalComment":"p-value (one-sided) corresponds to the two sample t-test analysis"}]},{"type":"SECONDARY","title":"Change From Baseline in the Overall Sexual Satisfaction Domain of the International Index of Erectile Function (IIEF) at Week 24","description":"The IIEF is a validated, self-administered questionnaire that is a valid measure of male erectile dysfunction. The test contains 15 questions in 5 domains: (1) Erectile duration/function (questions 01 to 05 and 15); (2) Orgasmic function (questions 09 and 10); (3) Sexual desire (questions 11 and 12); (4) Intercourse satisfaction (questions 06, 07, and 08); (5) Overall sexual satisfaction (questions 13 and 14). The domain-specific scores were calculated as the sum of the scores of the questions in the respective domain; thus, the total score of the Overall Sexual Satisfaction domain was the sum of 2 questions. Score range: 1 to 5 (Q13 and Q14). Total score: 2 to 10. Higher scores reflect better erectile function. Change from Baseline was calculated as the post-Baseline score minus the Baseline score.","populationDescription":"mITT Population. Only those participants with data available were analyzed.","reportingStatus":"POSTED","paramType":"MEAN","dispersionType":"Standard Error","unitOfMeasure":"score on a scale","timeFrame":"Baseline; Week 24","groups":[{"id":"OG000","title":"hMaxi-K 8000 µg","description":"Participants received a single injection of hMaxi-K 8000 micrograms (µg) into the corpus cavernosum of the penis."},{"id":"OG001","title":"hMaxi-K 16000 µg","description":"Participants received a single injection of hMaxi-K 16000 µg into the corpus cavernosum of the penis."},{"id":"OG002","title":"Placebo","description":"Participants received a single injection of matching placebo (PBS-20% sucrose) into the corpus cavernosum of the penis."}],"denoms":[{"units":"Participants","counts":[{"groupId":"OG000","value":"8"},{"groupId":"OG001","value":"9"},{"groupId":"OG002","value":"7"}]}],"classes":[{"categories":[{"measurements":[{"groupId":"OG000","value":"-1.1","spread":"0.69"},{"groupId":"OG001","value":"0.1","spread":"1.34"},{"groupId":"OG002","value":"-1.11","spread":"0.83"}]}]}],"analyses":[{"groupIds":["OG000"],"nonInferiorityType":"SUPERIORITY","pValue":"0.074","statisticalMethod":"t-test, 1 sided","statisticalComment":"one-sided paired t-test at 5% significance level"},{"groupIds":["OG001"],"nonInferiorityType":"SUPERIORITY","pValue":"0.468","statisticalMethod":"t-test, 1 sided","statisticalComment":"one-sided paired t-test at 5% significance level"},{"groupIds":["OG002"],"nonInferiorityType":"SUPERIORITY","pValue":"0.109","statisticalMethod":"t-test, 1 sided","statisticalComment":"one-sided paired t-test at 5% significance level"},{"groupIds":["OG000","OG002"],"nonInferiorityType":"SUPERIORITY","pValue":"0.493","statisticalMethod":"t-test, 1 sided","statisticalComment":"p-value (one-sided) corresponds to the two sample t-test analysis"},{"groupIds":["OG001","OG002"],"nonInferiorityType":"SUPERIORITY","pValue":"0.235","statisticalMethod":"t-test, 1 sided","statisticalComment":"p-value (one-sided) corresponds to the two sample t-test analysis"}]},{"type":"SECONDARY","title":"Mean Change From Baseline in the Percentage of \"Yes\" Responses to Questions 1, 4, and 5 of the Sexual Encounter Profile (SEP) at Week 24","description":"SEP is a diary in which participants record each sexual attempt made throughout the study and is composed of 5 questions assessing sexual function. Question 1: Were you able to achieve at least some erection?; Question 4: Were you satisfied with the hardness of your erection?; Question 5: Overall, were you satisfied with the sexual experience? The number of \"yes\" response to each question in the SEP was computed as (Sum of all \"yes\" responses to respective SEP question /Total number of responses to that SEP question)\\*100. Change from Baseline was calculated as the post-Baseline value minus the Baseline value.","populationDescription":"mITT Population","reportingStatus":"POSTED","paramType":"MEAN","dispersionType":"95% Confidence Interval","unitOfMeasure":"percentage of responses","timeFrame":"Baseline; Week 24","groups":[{"id":"OG000","title":"hMaxi-K 8000 µg","description":"Participants received a single injection of hMaxi-K 8000 micrograms (µg) into the corpus cavernosum of the penis."},{"id":"OG001","title":"hMaxi-K 16000 µg","description":"Participants received a single injection of hMaxi-K 16000 µg into the corpus cavernosum of the penis."},{"id":"OG002","title":"Placebo","description":"Participants received a single injection of matching placebo (PBS-20% sucrose) into the corpus cavernosum of the penis."}],"denoms":[{"units":"Participants","counts":[{"groupId":"OG000","value":"8"},{"groupId":"OG001","value":"10"},{"groupId":"OG002","value":"8"}]}],"classes":[{"title":"SEP1","categories":[{"measurements":[{"groupId":"OG000","value":"15.6","lowerLimit":"-35.49","upperLimit":"66.74"},{"groupId":"OG001","value":"-31.0","lowerLimit":"-80.04","upperLimit":"18.14"},{"groupId":"OG002","value":"-50.0","lowerLimit":"-96.24","upperLimit":"-3.76"}]}]},{"title":"SEP4","categories":[{"measurements":[{"groupId":"OG000","value":"12.5","lowerLimit":"-17.06","upperLimit":"42.06"},{"groupId":"OG001","value":"14.3","lowerLimit":"-20.67","upperLimit":"49.24"},{"groupId":"OG002","value":"0","lowerLimit":"0","upperLimit":"0"}]}]},{"title":"SEP5","categories":[{"measurements":[{"groupId":"OG000","value":"0","lowerLimit":"0","upperLimit":"0"},{"groupId":"OG001","value":"28.6","lowerLimit":"-16.56","upperLimit":"73.70"},{"groupId":"OG002","value":"0","lowerLimit":"0","upperLimit":"0"}]}]}],"analyses":[{"groupIds":["OG000","OG002"],"groupDescription":"SEP1","nonInferiorityType":"SUPERIORITY","pValue":"0.136","statisticalMethod":"ANCOVA"},{"groupIds":["OG001","OG002"],"groupDescription":"SEP1","nonInferiorityType":"SUPERIORITY","pValue":"0.498","statisticalMethod":"ANCOVA"},{"groupIds":["OG000","OG002"],"groupDescription":"SEP4","nonInferiorityType":"SUPERIORITY","pValue":"0.369","statisticalMethod":"ANCOVA"},{"groupIds":["OG001","OG002"],"groupDescription":"SEP4","nonInferiorityType":"SUPERIORITY","pValue":"0.337","statisticalMethod":"ANCOVA"},{"groupIds":["OG001","OG002"],"groupDescription":"SEP5","nonInferiorityType":"SUPERIORITY","pValue":"0.160","statisticalMethod":"ANCOVA"}]}]},"adverseEventsModule":{"frequencyThreshold":"0","timeFrame":"Up to Week 24 (± 3 days)","eventGroups":[{"id":"EG000","title":"hMaxi-K 8000 µg","description":"Participants received a single injection of hMaxi-K 8000 micrograms (µg) into the corpus cavernosum of the penis.","deathsNumAffected":0,"deathsNumAtRisk":8,"seriousNumAffected":1,"seriousNumAtRisk":8,"otherNumAffected":8,"otherNumAtRisk":8},{"id":"EG001","title":"hMaxi-K 16000 µg","description":"Participants received a single injection of hMaxi-K 16000 µg into the corpus cavernosum of the penis.","deathsNumAffected":0,"deathsNumAtRisk":10,"seriousNumAffected":0,"seriousNumAtRisk":10,"otherNumAffected":10,"otherNumAtRisk":10},{"id":"EG002","title":"Placebo","description":"Participants received a single injection of matching placebo (PBS-20% sucrose) into the corpus cavernosum of the penis.","deathsNumAffected":0,"deathsNumAtRisk":8,"seriousNumAffected":1,"seriousNumAtRisk":8,"otherNumAffected":8,"otherNumAtRisk":8}],"seriousEvents":[{"term":"Eye operation","organSystem":"Eye disorders","sourceVocabulary":"MedDRA","assessmentType":"NON_SYSTEMATIC_ASSESSMENT","stats":[{"groupId":"EG000","numAffected":1,"numAtRisk":8},{"groupId":"EG001","numAffected":0,"numAtRisk":10},{"groupId":"EG002","numAffected":0,"numAtRisk":8}]},{"term":"Osteoarthropathy","organSystem":"Musculoskeletal and connective tissue disorders","sourceVocabulary":"MedDRA","assessmentType":"NON_SYSTEMATIC_ASSESSMENT","stats":[{"groupId":"EG000","numAffected":0,"numAtRisk":8},{"groupId":"EG001","numAffected":0,"numAtRisk":10},{"groupId":"EG002","numAffected":1,"numAtRisk":8}]}],"otherEvents":[{"term":"Diarrhoea","organSystem":"Gastrointestinal disorders","sourceVocabulary":"MedDRA","assessmentType":"NON_SYSTEMATIC_ASSESSMENT","stats":[{"groupId":"EG000","numAffected":0,"numAtRisk":8},{"groupId":"EG001","numAffected":1,"numAtRisk":10},{"groupId":"EG002","numAffected":1,"numAtRisk":8}]},{"term":"Nasopharyngitis","organSystem":"Infections and infestations","sourceVocabulary":"MedDRA","assessmentType":"NON_SYSTEMATIC_ASSESSMENT","stats":[{"groupId":"EG000","numAffected":0,"numAtRisk":8},{"groupId":"EG001","numAffected":1,"numAtRisk":10},{"groupId":"EG002","numAffected":0,"numAtRisk":8}]},{"term":"Injury","organSystem":"Injury, poisoning and procedural complications","sourceVocabulary":"MedDRA","assessmentType":"NON_SYSTEMATIC_ASSESSMENT","stats":[{"groupId":"EG000","numAffected":0,"numAtRisk":8},{"groupId":"EG001","numAffected":0,"numAtRisk":10},{"groupId":"EG002","numAffected":1,"numAtRisk":8}]},{"term":"Aspartate aminotransferase increased","organSystem":"Investigations","sourceVocabulary":"MedDRA","assessmentType":"NON_SYSTEMATIC_ASSESSMENT","stats":[{"groupId":"EG000","numAffected":2,"numAtRisk":8},{"groupId":"EG001","numAffected":1,"numAtRisk":10},{"groupId":"EG002","numAffected":0,"numAtRisk":8}]},{"term":"Blood alkaline phosphatase increased","organSystem":"Investigations","sourceVocabulary":"MedDRA","assessmentType":"NON_SYSTEMATIC_ASSESSMENT","stats":[{"groupId":"EG000","numAffected":1,"numAtRisk":8},{"groupId":"EG001","numAffected":2,"numAtRisk":10},{"groupId":"EG002","numAffected":0,"numAtRisk":8}]},{"term":"Blood testosterone decreased","organSystem":"Investigations","sourceVocabulary":"MedDRA","assessmentType":"NON_SYSTEMATIC_ASSESSMENT","stats":[{"groupId":"EG000","numAffected":0,"numAtRisk":8},{"groupId":"EG001","numAffected":2,"numAtRisk":10},{"groupId":"EG002","numAffected":1,"numAtRisk":8}]},{"term":"Electrocardiogram QT prolonged","organSystem":"Investigations","sourceVocabulary":"MedDRA","assessmentType":"NON_SYSTEMATIC_ASSESSMENT","stats":[{"groupId":"EG000","numAffected":2,"numAtRisk":8},{"groupId":"EG001","numAffected":1,"numAtRisk":10},{"groupId":"EG002","numAffected":0,"numAtRisk":8}]},{"term":"Hyperglycaemia","organSystem":"Metabolism and nutrition disorders","sourceVocabulary":"MedDRA","assessmentType":"NON_SYSTEMATIC_ASSESSMENT","stats":[{"groupId":"EG000","numAffected":8,"numAtRisk":8},{"groupId":"EG001","numAffected":8,"numAtRisk":10},{"groupId":"EG002","numAffected":6,"numAtRisk":8}]},{"term":"Hypomagnesaemia","organSystem":"Metabolism and nutrition disorders","sourceVocabulary":"MedDRA","assessmentType":"NON_SYSTEMATIC_ASSESSMENT","stats":[{"groupId":"EG000","numAffected":3,"numAtRisk":8},{"groupId":"EG001","numAffected":1,"numAtRisk":10},{"groupId":"EG002","numAffected":2,"numAtRisk":8}]},{"term":"Back pain","organSystem":"Musculoskeletal and connective tissue disorders","sourceVocabulary":"MedDRA","assessmentType":"NON_SYSTEMATIC_ASSESSMENT","stats":[{"groupId":"EG000","numAffected":0,"numAtRisk":8},{"groupId":"EG001","numAffected":0,"numAtRisk":10},{"groupId":"EG002","numAffected":1,"numAtRisk":8}]},{"term":"Headache","organSystem":"Nervous system disorders","sourceVocabulary":"MedDRA","assessmentType":"NON_SYSTEMATIC_ASSESSMENT","stats":[{"groupId":"EG000","numAffected":0,"numAtRisk":8},{"groupId":"EG001","numAffected":1,"numAtRisk":10},{"groupId":"EG002","numAffected":0,"numAtRisk":8}]},{"term":"Proteinuria","organSystem":"Renal and urinary disorders","sourceVocabulary":"MedDRA","assessmentType":"NON_SYSTEMATIC_ASSESSMENT","stats":[{"groupId":"EG000","numAffected":3,"numAtRisk":8},{"groupId":"EG001","numAffected":4,"numAtRisk":10},{"groupId":"EG002","numAffected":0,"numAtRisk":8}]},{"term":"Haematuria","organSystem":"Renal and urinary disorders","sourceVocabulary":"MedDRA","assessmentType":"NON_SYSTEMATIC_ASSESSMENT","stats":[{"groupId":"EG000","numAffected":1,"numAtRisk":8},{"groupId":"EG001","numAffected":3,"numAtRisk":10},{"groupId":"EG002","numAffected":2,"numAtRisk":8}]},{"term":"Benign prostatic hyperplasia","organSystem":"Reproductive system and breast disorders","sourceVocabulary":"MedDRA","assessmentType":"NON_SYSTEMATIC_ASSESSMENT","stats":[{"groupId":"EG000","numAffected":0,"numAtRisk":8},{"groupId":"EG001","numAffected":0,"numAtRisk":10},{"groupId":"EG002","numAffected":1,"numAtRisk":8}]},{"term":"Penile pain","organSystem":"Reproductive system and breast disorders","sourceVocabulary":"MedDRA","assessmentType":"NON_SYSTEMATIC_ASSESSMENT","stats":[{"groupId":"EG000","numAffected":0,"numAtRisk":8},{"groupId":"EG001","numAffected":0,"numAtRisk":10},{"groupId":"EG002","numAffected":1,"numAtRisk":8}]},{"term":"Pruritus","organSystem":"Skin and subcutaneous tissue disorders","sourceVocabulary":"MedDRA","assessmentType":"NON_SYSTEMATIC_ASSESSMENT","stats":[{"groupId":"EG000","numAffected":0,"numAtRisk":8},{"groupId":"EG001","numAffected":1,"numAtRisk":10},{"groupId":"EG002","numAffected":0,"numAtRisk":8}]},{"term":"Skin reaction","organSystem":"Skin and subcutaneous tissue disorders","sourceVocabulary":"MedDRA","assessmentType":"NON_SYSTEMATIC_ASSESSMENT","stats":[{"groupId":"EG000","numAffected":0,"numAtRisk":8},{"groupId":"EG001","numAffected":1,"numAtRisk":10},{"groupId":"EG002","numAffected":0,"numAtRisk":8}]},{"term":"Hypertension","organSystem":"Vascular disorders","sourceVocabulary":"MedDRA","assessmentType":"NON_SYSTEMATIC_ASSESSMENT","stats":[{"groupId":"EG000","numAffected":1,"numAtRisk":8},{"groupId":"EG001","numAffected":0,"numAtRisk":10},{"groupId":"EG002","numAffected":1,"numAtRisk":8}]}]},"moreInfoModule":{"certainAgreement":{"piSponsorEmployee":false,"restrictiveAgreement":false},"pointOfContact":{"title":"JP Nicandro, PharmD","organization":"Urovant Sciences GmbH","email":"clinicaltrials@urovant.com","phone":"833-219-5557"}}},"documentSection":{"largeDocumentModule":{"largeDocs":[{"typeAbbrev":"Prot","hasProtocol":true,"hasSap":false,"hasIcf":false,"label":"Study Protocol","date":"2016-03-01","uploadDate":"2019-07-12T14:27","filename":"Prot_000.pdf","size":724831},{"typeAbbrev":"SAP","hasProtocol":false,"hasSap":true,"hasIcf":false,"label":"Statistical Analysis Plan","date":"2017-12-14","uploadDate":"2019-07-12T14:28","filename":"SAP_001.pdf","size":388072}]}},"derivedSection":{"miscInfoModule":{"versionHolder":"2024-09-24"},"conditionBrowseModule":{"meshes":[{"id":"D000007172","term":"Erectile Dysfunction"}],"ancestors":[{"id":"D000005832","term":"Genital Diseases, Male"},{"id":"D000091662","term":"Genital Diseases"},{"id":"D000091642","term":"Urogenital Diseases"},{"id":"D000012735","term":"Sexual Dysfunction, Physiological"},{"id":"D000052801","term":"Male Urogenital Diseases"},{"id":"D000020018","term":"Sexual Dysfunctions, Psychological"},{"id":"D000001523","term":"Mental Disorders"}],"browseLeaves":[{"id":"M10217","name":"Erectile Dysfunction","asFound":"Erectile Dysfunction","relevance":"HIGH"},{"id":"M2876","name":"Genital Diseases","relevance":"LOW"},{"id":"M8944","name":"Genital Diseases, Male","relevance":"LOW"},{"id":"M2875","name":"Urogenital Diseases","relevance":"LOW"},{"id":"M15546","name":"Sexual Dysfunction, Physiological","relevance":"LOW"},{"id":"M27095","name":"Male Urogenital Diseases","relevance":"LOW"},{"id":"M21873","name":"Sexual Dysfunctions, Psychological","relevance":"LOW"},{"id":"M14473","name":"Psychotic Disorders","relevance":"LOW"},{"id":"M4815","name":"Mental Disorders","relevance":"LOW"}],"browseBranches":[{"abbrev":"BXS","name":"Urinary Tract, Sexual Organs, and Pregnancy Conditions"},{"abbrev":"BXM","name":"Behaviors and Mental Disorders"},{"abbrev":"All","name":"All Conditions"}]}},"hasResults":true}