{"protocolSection":{"identificationModule":{"nctId":"NCT04361305","orgStudyIdInfo":{"id":"0412"},"organization":{"fullName":"Shanghai Jiao Tong University School of Medicine","class":"OTHER"},"briefTitle":"Observational Study of Pharmacological Treatment for Premature Ejaculation Concurrent With Erectile Dysfunction","officialTitle":"Multicenter Study of the Efficacy and Safety of Dapoxetine Combined With Tadalafil in Men With Premature Ejaculation and Concomitant Erectile Dysfunction"},"statusModule":{"statusVerifiedDate":"2020-04","overallStatus":"UNKNOWN","lastKnownStatus":"NOT_YET_RECRUITING","expandedAccessInfo":{"hasExpandedAccess":false},"startDateStruct":{"date":"2020-06-03","type":"ESTIMATED"},"primaryCompletionDateStruct":{"date":"2021-01-11","type":"ESTIMATED"},"completionDateStruct":{"date":"2021-04-01","type":"ESTIMATED"},"studyFirstSubmitDate":"2020-04-22","studyFirstSubmitQcDate":"2020-04-23","studyFirstPostDateStruct":{"date":"2020-04-24","type":"ACTUAL"},"lastUpdateSubmitDate":"2020-04-23","lastUpdatePostDateStruct":{"date":"2020-04-24","type":"ACTUAL"}},"sponsorCollaboratorsModule":{"responsibleParty":{"type":"SPONSOR_INVESTIGATOR","investigatorFullName":"Yan-Ping Huang","investigatorTitle":"Department of Urology and Andrology, Renji Hospital, School of Medicine, Shanghai Jiao Tong University","investigatorAffiliation":"Shanghai Jiao Tong University School of Medicine"},"leadSponsor":{"name":"Yan-Ping Huang","class":"OTHER"}},"oversightModule":{"isFdaRegulatedDrug":false,"isFdaRegulatedDevice":false},"descriptionModule":{"briefSummary":"Premature ejaculation (PE) is a common disease in the andrology clinic. Currently, the effectiveness and outcome differences of drug treatment still need to be studied and demonstrated. Premature ejaculation concurrent with erectile dysfunction (ED) is common in outpatient clinics. The preferred treatment plan for these patients still needs to be further studied and explored, and the difference in the efficacy of different treatment regiments remain to be evaluated."},"conditionsModule":{"conditions":["Premature Ejaculation","Erectile Dysfunction"]},"designModule":{"studyType":"INTERVENTIONAL","phases":["PHASE3"],"designInfo":{"allocation":"RANDOMIZED","interventionModel":"PARALLEL","primaryPurpose":"TREATMENT","maskingInfo":{"masking":"NONE"}},"enrollmentInfo":{"count":150,"type":"ESTIMATED"}},"armsInterventionsModule":{"armGroups":[{"label":"tadalafil combined with dapoxetine","type":"EXPERIMENTAL","interventionNames":["Drug: Dapoxetine","Drug: Tadalafil"]},{"label":"tadalafil mono group","type":"ACTIVE_COMPARATOR","interventionNames":["Drug: Tadalafil"]}],"interventions":[{"type":"DRUG","name":"Dapoxetine","description":"30 mg tablets 1 to 3 hours before sexual activity prn (as needed) not to be taken more than once every 24 hours for 8 weeks Tadalafil 5 mg tablets every day for 8 weeks","armGroupLabels":["tadalafil combined with dapoxetine"]},{"type":"DRUG","name":"Tadalafil","description":"5 mg tablets every day for 8 weeks","armGroupLabels":["tadalafil mono group"]},{"type":"DRUG","name":"Tadalafil","description":"5 mg tablets every day for 8 weeks","armGroupLabels":["tadalafil combined with dapoxetine"]}]},"outcomesModule":{"primaryOutcomes":[{"measure":"The change of Premature Ejaculation Profile (PEP) at week 8","description":"The PEP is a 4-question PRO that asks a respondent about his subjective sense of control over ejaculation, distress related to PE, interpersonal difficulty and satisfaction with sexual intercourse.","timeFrame":"Baseline, Week 8"},{"measure":"The change of International Index of Erectile Function -5(IIEF-5) at week 8","timeFrame":"Baseline, Week 8"}],"secondaryOutcomes":[{"measure":"Incidence of adverse reactions","description":"To observe the safety of the two regiments in PE concurrent with ED patients","timeFrame":"Baseline, Week 8"},{"measure":"The change of Erection Hardness Score (EHS)","description":"Erection Hardness Score as a self-reporting measure that scored erection hardness on a 4 point scale. The aim was to help men, their partners and doctors diagnose erectile dysfunction.","timeFrame":"Baseline, Week 8"},{"measure":"Clinical Global Impression of Change (GICC)","description":"Clinical Global Impression is a 7 point scale that requires the clinician to assess how much the patient's illness has improved or worsened relative to a baseline state at the beginning of the intervention.","timeFrame":"Baseline, Week 8"}]},"eligibilityModule":{"eligibilityCriteria":"Inclusion Criteria:\n\n1. PE concurrent with ED: the IELT is less than 3 minutes, the PEDT score is ≥11 points, and 5≤IIEF-5≤21 points.\n2. 18-60 years old, outpatient or physical examination population, with regular sex partners and regular sex life;\n3. Having the data below,and willing to participate in the trial（1）Demographic information: age, gender, nationality, birthplace, etc;(2) Physical examination data: height, weight, abdominal circumference, blood pressure, heart rate, etc ;(3) Medical history data: history of present illness, past medical history, family history, etc;(4) Scale evaluation: Premature Ejaculation Diagnostic Tool (PEDT), Premature Ejaculation Profile (PEP), International Erectile Function Score-5(IIEF-5), Erectile Hardness Grading Score (EHGS), Clinical Global Impression of Change (GICC);\n\nExclusion Criteria:\n\n1. Age \\<18 years or\\> 60 years;\n2. There is a history of acute and chronic diseases, major trauma and surgery, etc;\n3. A long history of medication;\n4. There is a history of unstable myocardial infarction and cerebral infarction;\n5. A history of cardiogenic shock, severe heart failure, severe ventricular arrhythmia, etc;\n6. There are serious diseases such as malignant tumors, chronic liver and kidney diseases, etc.","healthyVolunteers":false,"sex":"MALE","minimumAge":"18 Years","maximumAge":"60 Years","stdAges":["ADULT"]},"ipdSharingStatementModule":{"ipdSharing":"NO"}},"derivedSection":{"miscInfoModule":{"versionHolder":"2024-09-24"},"conditionBrowseModule":{"meshes":[{"id":"D000047928","term":"Premature Birth"},{"id":"D000007172","term":"Erectile Dysfunction"},{"id":"D000061686","term":"Premature Ejaculation"}],"ancestors":[{"id":"D000007752","term":"Obstetric Labor, Premature"},{"id":"D000007744","term":"Obstetric Labor Complications"},{"id":"D000011248","term":"Pregnancy Complications"},{"id":"D000005261","term":"Female Urogenital Diseases and Pregnancy Complications"},{"id":"D000091642","term":"Urogenital Diseases"},{"id":"D000005832","term":"Genital Diseases, Male"},{"id":"D000091662","term":"Genital Diseases"},{"id":"D000012735","term":"Sexual Dysfunction, Physiological"},{"id":"D000052801","term":"Male Urogenital Diseases"},{"id":"D000020018","term":"Sexual Dysfunctions, Psychological"},{"id":"D000001523","term":"Mental Disorders"},{"id":"D000097910","term":"Ejaculatory Dysfunction"}],"browseLeaves":[{"id":"M25869","name":"Premature Birth","asFound":"Premature","relevance":"HIGH"},{"id":"M10217","name":"Erectile Dysfunction","asFound":"Erectile Dysfunction","relevance":"HIGH"},{"id":"M29853","name":"Premature Ejaculation","asFound":"Premature Ejaculation","relevance":"HIGH"},{"id":"M10772","name":"Obstetric Labor, Premature","relevance":"LOW"},{"id":"M10764","name":"Obstetric Labor Complications","relevance":"LOW"},{"id":"M14127","name":"Pregnancy Complications","relevance":"LOW"},{"id":"M2875","name":"Urogenital Diseases","relevance":"LOW"},{"id":"M27093","name":"Female Urogenital Diseases","relevance":"LOW"},{"id":"M8399","name":"Female Urogenital Diseases and Pregnancy Complications","relevance":"LOW"},{"id":"M2876","name":"Genital Diseases","relevance":"LOW"},{"id":"M8944","name":"Genital Diseases, Male","relevance":"LOW"},{"id":"M15546","name":"Sexual Dysfunction, Physiological","relevance":"LOW"},{"id":"M27095","name":"Male Urogenital Diseases","relevance":"LOW"},{"id":"M21873","name":"Sexual Dysfunctions, Psychological","relevance":"LOW"},{"id":"M14473","name":"Psychotic Disorders","relevance":"LOW"},{"id":"M4815","name":"Mental Disorders","relevance":"LOW"},{"id":"M3452","name":"Ejaculatory Dysfunction","relevance":"LOW"}],"browseBranches":[{"abbrev":"BXS","name":"Urinary Tract, Sexual Organs, and Pregnancy Conditions"},{"abbrev":"All","name":"All Conditions"},{"abbrev":"BXM","name":"Behaviors and Mental Disorders"}]},"interventionBrowseModule":{"meshes":[{"id":"D000068581","term":"Tadalafil"}],"ancestors":[{"id":"D000014665","term":"Vasodilator Agents"},{"id":"D000058986","term":"Phosphodiesterase 5 Inhibitors"},{"id":"D000010726","term":"Phosphodiesterase Inhibitors"},{"id":"D000004791","term":"Enzyme Inhibitors"},{"id":"D000045504","term":"Molecular Mechanisms of Pharmacological Action"},{"id":"D000064804","term":"Urological Agents"}],"browseLeaves":[{"id":"M279","name":"Tadalafil","asFound":"Difference","relevance":"HIGH"},{"id":"M17412","name":"Vasodilator Agents","relevance":"LOW"},{"id":"M29332","name":"Phosphodiesterase 5 Inhibitors","relevance":"LOW"},{"id":"M13629","name":"Phosphodiesterase Inhibitors","relevance":"LOW"},{"id":"M7951","name":"Enzyme Inhibitors","relevance":"LOW"}],"browseBranches":[{"abbrev":"VaDiAg","name":"Vasodilator Agents"},{"abbrev":"Urol","name":"Urological Agents"},{"abbrev":"All","name":"All Drugs and Chemicals"}]}},"hasResults":false}