{"protocolSection":{"identificationModule":{"nctId":"NCT03823014","orgStudyIdInfo":{"id":"IRB-P00029965"},"organization":{"fullName":"Boston Children's Hospital","class":"OTHER"},"briefTitle":"Use of an External Erectile Device in Transgender Man Following Phalloplasty","officialTitle":"Use of an External Erectile Device in Transgender Man Following Phalloplasty","acronym":"ProstHEsis"},"statusModule":{"statusVerifiedDate":"2022-07","overallStatus":"COMPLETED","expandedAccessInfo":{"hasExpandedAccess":false},"startDateStruct":{"date":"2019-07-01","type":"ACTUAL"},"primaryCompletionDateStruct":{"date":"2022-07-01","type":"ACTUAL"},"completionDateStruct":{"date":"2022-07-01","type":"ACTUAL"},"studyFirstSubmitDate":"2019-01-25","studyFirstSubmitQcDate":"2019-01-29","studyFirstPostDateStruct":{"date":"2019-01-30","type":"ACTUAL"},"lastUpdateSubmitDate":"2022-07-20","lastUpdatePostDateStruct":{"date":"2022-07-21","type":"ACTUAL"}},"sponsorCollaboratorsModule":{"responsibleParty":{"type":"PRINCIPAL_INVESTIGATOR","investigatorFullName":"Elizabeth Boskey","investigatorTitle":"Researcher","investigatorAffiliation":"Boston Children's Hospital"},"leadSponsor":{"name":"Boston Children's Hospital","class":"OTHER"}},"oversightModule":{"oversightHasDmc":false,"isFdaRegulatedDrug":false,"isFdaRegulatedDevice":false},"descriptionModule":{"briefSummary":"The purpose of this study is to test whether an external erectile prosthesis (The Elator™) is a feasible alternative to internal erectile prostheses for transgender men who have undergone a phalloplasty with glansplasty and wish to use their neophallus for sexual penetration. The Elator™ was initially developed for men experiencing erectile dysfunction after prostate cancer. The device consists of two silicone rings connected by a pair of plastic coated rigid metal rods. One ring goes at the base of the penis. The other ring is connected to the rods. This ring is placed behind the glans, and then the rods are connected to the base ring to stretch and provide rigidity to the phallus.","detailedDescription":"There are approximately 1.4 million transgender adults in the United States. Approximately half are transgender men, individuals who have a male gender identity but were assigned female at birth. A national survey of transgender adults found more than half of transgender men have had, or may want, gender affirmation surgery in the form of phalloplasty - the surgical creation of a penis and scrotum. The neophallus created in this manner can be used for standing urination but not for penetrative sex, due to the lack of erectile structures.\n\nResearch suggests that one factor limiting interest in phalloplasty is the lack of reliable, durable, and desirable erectile devices. Internal prostheses are the primary method used to attain penile rigidity after phalloplasty. However, these devices carry a significant risk of mechanical failure and other adverse events. The high failure and complication rates associated with internal erectile prostheses demonstrate a need for alternative options for transgender men after phalloplasty. One such option consists of an external erectile prosthesis or support. The Elator™ consists of two silicone rings connected by a pair of plastic coated rigid metal rods. Use of such an external device may be preferable for men who do not wish to undergo additional surgery after phalloplasty, and/or those who have had problems with internal prostheses.\n\nWord of mouth suggests that a number of transgender men have experimented with these devices after phalloplasty, but to date no study has tested the safety and function of external erectile prostheses in this population. Currently, the FDA exempts most external penile rigidity devices from pre-market notification and review. As such, safety and efficacy testing is not required prior to public marketing. However, before medical professionals can feel comfortable recommending these devices to their patients, such testing is clearly indicated.\n\nThe proposed pilot study will test whether an external erectile prosthesis (The Elator™) is a feasible alternative to internal erectile prostheses for transgender men after phalloplasty. This study will recruit twenty men who have had a phalloplasty greater than one year prior to the study date, have protective sensation to the tip of their phallus, have a current sexual partner with whom they would like to explore sexual penetration using the neophallus, and who do not currently have an internal erectile prosthesis."},"conditionsModule":{"conditions":["Transsexualism","Surgery","Sex Behavior","Erectile Dysfunction"],"keywords":["transgender","transmasculine","ftm","phalloplasty","penile prosthesis"]},"designModule":{"studyType":"INTERVENTIONAL","phases":["NA"],"designInfo":{"allocation":"NA","interventionModel":"SINGLE_GROUP","interventionModelDescription":"Pilot study to determine feasibility of device use for supportive care of transgender patients with erectile concerns post phalloplasty. Device is currently available in market.","primaryPurpose":"SUPPORTIVE_CARE","maskingInfo":{"masking":"NONE"}},"enrollmentInfo":{"count":15,"type":"ACTUAL"}},"armsInterventionsModule":{"armGroups":[{"label":"External Erectile Prosthesis","type":"EXPERIMENTAL","description":"Study participants will be recruited as couples (transgender man + sexual partner.) Couples will use an external erectile prosthesis (Elator) over the course of 1 month and keep track of their experiences. 20 men and their partners will be enrolled.","interventionNames":["Device: Elator"]}],"interventions":[{"type":"DEVICE","name":"Elator","description":"Measurement for device, use of device","armGroupLabels":["External Erectile Prosthesis"],"otherNames":["Erector"]}]},"outcomesModule":{"primaryOutcomes":[{"measure":"Change in Quality of Sexual Experience Scale","description":"Brief measure of quality of most recent sexual experience","timeFrame":"Baseline and at study completion (~1.5 months)"},{"measure":"Change in Relationship Satisfaction Subscale","description":"Measure of overall relationship satisfaction with romantic partner","timeFrame":"Baseline and at study completion (~1.5 months)"},{"measure":"Erectile Dysfunction Inventory of Treatment Satisfaction (EDITS)","description":"Validated measure of satisfaction with erectile dysfunction treatment","timeFrame":"The intervention period of 4 weeks, assessed at study completion"}],"secondaryOutcomes":[{"measure":"Qualitative Device Feedback","description":"Interview with men and their partners about the experience of using the device (optional)","timeFrame":"The intervention period of 4 weeks, assessed at study completion"}]},"eligibilityModule":{"eligibilityCriteria":"Inclusion Criteria:\n\n* Primary study subject must have had a phalloplasty with glansplasty a minimum of 1 year before enrollment and must have protective sensation to the tip of the phallus\n* Primary study subject must be in a relationship in which they are having, or would like to have, penetrative sex with their partner. Partner must also be interested in having penetrative sex with primary subject.\n* Both primary study subject and partner must have (individual) e-mail addresses and access to the Internet to complete surveys\n* Primary study subject must be willing to be contacted by postal mail, in order to receive the device\n* Both subjects must be willing to receive e-mails\n\nExclusion Criteria:\n\n* Either subject or partner does not speak English\n* Primary subject has an internal erectile prosthesis.","healthyVolunteers":true,"sex":"ALL","genderBased":true,"genderDescription":"Transgender men and their sexual partners (no gender/sex requirement)","minimumAge":"18 Years","maximumAge":"64 Years","stdAges":["ADULT"]},"contactsLocationsModule":{"locations":[{"facility":"Participation in this study is from participants home.","city":"Boston","state":"Massachusetts","zip":"02115","country":"United States","geoPoint":{"lat":42.35843,"lon":-71.05977}}]},"ipdSharingStatementModule":{"ipdSharing":"NO"}},"derivedSection":{"miscInfoModule":{"versionHolder":"2024-09-24"},"conditionBrowseModule":{"meshes":[{"id":"D000007172","term":"Erectile Dysfunction"}],"ancestors":[{"id":"D000005832","term":"Genital Diseases, Male"},{"id":"D000091662","term":"Genital Diseases"},{"id":"D000091642","term":"Urogenital Diseases"},{"id":"D000012735","term":"Sexual Dysfunction, Physiological"},{"id":"D000052801","term":"Male Urogenital Diseases"},{"id":"D000020018","term":"Sexual Dysfunctions, Psychological"},{"id":"D000001523","term":"Mental Disorders"}],"browseLeaves":[{"id":"M10217","name":"Erectile Dysfunction","asFound":"Erectile Dysfunction","relevance":"HIGH"},{"id":"M2876","name":"Genital Diseases","relevance":"LOW"},{"id":"M8944","name":"Genital Diseases, Male","relevance":"LOW"},{"id":"M2875","name":"Urogenital Diseases","relevance":"LOW"},{"id":"M15546","name":"Sexual Dysfunction, Physiological","relevance":"LOW"},{"id":"M27095","name":"Male Urogenital Diseases","relevance":"LOW"},{"id":"M21873","name":"Sexual Dysfunctions, Psychological","relevance":"LOW"},{"id":"M14473","name":"Psychotic Disorders","relevance":"LOW"},{"id":"M4815","name":"Mental Disorders","relevance":"LOW"}],"browseBranches":[{"abbrev":"BXS","name":"Urinary Tract, Sexual Organs, and Pregnancy Conditions"},{"abbrev":"BXM","name":"Behaviors and Mental Disorders"},{"abbrev":"All","name":"All Conditions"}]}},"hasResults":false}