{"protocolSection":{"identificationModule":{"nctId":"NCT01153204","orgStudyIdInfo":{"id":"DE Satisfaction - 2010"},"organization":{"fullName":"Federal University of São Paulo","class":"OTHER"},"briefTitle":"Satisfaction, Confidence and Naturalness in Men With Psychogenic Erectile Dysfunction (ED)","officialTitle":"Satisfaction With the Treatment, Confidence and Naturalness in Engaging in Sexual Activity in Men With Psychogenic Erectile Dysfunction: Randomized Controlled Trial of Three Therapeutic Approaches."},"statusModule":{"statusVerifiedDate":"2010-06","overallStatus":"COMPLETED","expandedAccessInfo":{"hasExpandedAccess":false},"studyFirstSubmitDate":"2010-06-29","studyFirstSubmitQcDate":"2010-06-29","studyFirstPostDateStruct":{"date":"2010-06-30","type":"ESTIMATED"},"lastUpdateSubmitDate":"2010-06-29","lastUpdatePostDateStruct":{"date":"2010-06-30","type":"ESTIMATED"}},"sponsorCollaboratorsModule":{"leadSponsor":{"name":"Federal University of São Paulo","class":"OTHER"},"collaborators":[{"name":"University of Sao Paulo","class":"OTHER"}]},"oversightModule":{"oversightHasDmc":false},"descriptionModule":{"briefSummary":"Context and Objectives: Erectile dysfunction severely compromises not only sexual satisfaction, which is well known to be closely linked to overall life satisfaction but is also associated with a lower quality of life, lower self-esteem, depression, anxiety and adverse effects on interpersonal relationships. The objective was to assess the efficacy of psychotherapy and/or sildenafil for psychogenic erectile dysfunction.\n\nDesign and Settings: randomized controlled single-blind trial performed at Institute of Psychiatry of the Medical School of at Universidade de São Paulo, São Paulo, Brazil Methods: Thirty patients with mild and moderate psychogenic erectile dysfunction (ED) were randomized to receive for six months: group psychotherapy (GP) plus 50mg sildenafil on demand, or 50mg sildenafil exclusively, on demand, or GP exclusively. Changes in score from baseline for three questions of the Erectile Dysfunction Inventory of Treatment Satisfaction (EDITS) were evaluated at end-point and after 3-months follow-up.\n\nResults: satisfaction with the treatment, confidence and naturalness increased in GP plus sildenafil and GP exclusively groups (p=0.001) from baseline to endpoint. The treatment-by-time comparison was not significant at end point versus 3-month follow-ups, in the three groups. No difference was observed in the sildenafil group in the three study periods (P \\>0.05) Conclusions: Patients with mild and moderate psychogenic ED had higher treatment satisfaction, confidence and naturalness in engaging in sexual activity when receiving GP plus sildenafil or GP exclusively, when compared with sildenafil exclusively, as assessed by these three EDITS questions after 6-months treatment"},"conditionsModule":{"conditions":["Erectile Dysfunction"],"keywords":["Erectile Dysfunction","Group Psychotherapy","Sildenafil [Substance Name]","Patient Satisfaction","Efficacy","Randomized Controlled Trial [Publication Type]"]},"designModule":{"studyType":"INTERVENTIONAL","phases":["PHASE4"],"designInfo":{"allocation":"RANDOMIZED","interventionModel":"PARALLEL","primaryPurpose":"TREATMENT","maskingInfo":{"masking":"SINGLE","whoMasked":["OUTCOMES_ASSESSOR"]}},"enrollmentInfo":{"count":30,"type":"ACTUAL"}},"armsInterventionsModule":{"armGroups":[{"label":"Group Psychotherapy (GP)","type":"EXPERIMENTAL","description":"Time-limited group psychotherapy is a technique based on psychodrama, an in-depth method of group psychotherapy. Active methods are used to enable past, present, and future life events to be explored. Sexual issues and their possible solutions are enacted rather than simply discussed. Time-limited group psychotherapy focuses on a central or core issue or a circumscribed area of conflict (psychogenic erectile dysfunction) as the only or major object of intervention efforts.","interventionNames":["Behavioral: Group Psychotherapy"]},{"label":"Sildenafil","type":"ACTIVE_COMPARATOR","description":"Participants took sildenafil citrate 50 mg as needed for sexual activity (on demand), no more than once daily, according to psychiatric prescription. Sildenafil citrate was taken with a glass of water on an empty stomach (at least 2 hours after eating). Participants met with a psychiatrist every month for 30-minutes to report adverse effects and to obtain the following month's dosage of four pills.","interventionNames":["Drug: Sildenafil citrate"]},{"label":"Group Psychotherapy (GP) plus Sildenafil","type":"ACTIVE_COMPARATOR","description":"The same as above.","interventionNames":["Other: Group Psychotherapy plus Sildenafil citrate"]}],"interventions":[{"type":"BEHAVIORAL","name":"Group Psychotherapy","armGroupLabels":["Group Psychotherapy (GP)"]},{"type":"OTHER","name":"Group Psychotherapy plus Sildenafil citrate","armGroupLabels":["Group Psychotherapy (GP) plus Sildenafil"]},{"type":"DRUG","name":"Sildenafil citrate","armGroupLabels":["Sildenafil"]}]},"outcomesModule":{"primaryOutcomes":[{"measure":"Satisfaction with the treatment","description":"Changes in scores of EDITS question 1 (satisfaction with the treatment), from baseline to endpoint and 3-months follow-up in the three groups."}],"secondaryOutcomes":[{"measure":"Confidence in engaging in sexual activity","description":"Changes in EDITS questions 7 (confidence in engaging in sexual activity) evaluated in three study periods: baseline, end-point and 3-months follow-up in the three groups."},{"measure":"Naturalness in engaging in sexual activity","description":"Changes in EDITS questions 11 (naturalness in engaging in sexual activity), evaluated in three study periods: baseline, end-point and 3-months follow-up in the three groups."}]},"eligibilityModule":{"eligibilityCriteria":"Inclusion Criteria:\n\n1. exclusive diagnosis of psychogenic ED, using a checklist for DSM-IV criteria.Morning erections, situational erections (masturbatory or with another partner), or acute onset are characteristics of psychogenic ED;\n2. age between 25 and 50 years;\n3. mild and moderate erectile dysfunction according to the International Index of Erectile Function (IIEF);\n4. stable heterosexual relationship for at least 1 year, and in accordance with inclusion criteria during short-time psychotherapy focused on sexuality; (f) informed consent from the patient.\n\nExclusion Criteria:\n\nPatients were excluded if presenting significant clinical diseases, major depressive disorder or other severe mental disorder, primary no erectile sexual disorder (e.g., hypoactive sexual disorder), penile anatomic defects; users of medications that could interfere with sexual function; patients with any kind of physical limitations for the use of sildenafil citrate (current use of nitrates, past history of retinitis pigmentosa, allergies); and significant drug, alcohol or tobacco use","healthyVolunteers":false,"sex":"MALE","minimumAge":"25 Years","maximumAge":"50 Years","stdAges":["ADULT"]},"referencesModule":{"references":[{"pmid":"22455403","type":"DERIVED","citation":"Melnik T, Abdo CH, de Moraes JF, Riera R. Satisfaction with the treatment, confidence and 'naturalness' in engaging in sexual activity in men with psychogenic erectile dysfunction: preliminary results of a randomized controlled trial of three therapeutic approaches. BJU Int. 2012 Apr;109(8):1213-9. doi: 10.1111/j.1464-410X.2011.10516.x. Epub 2011 Aug 22."}]}},"derivedSection":{"miscInfoModule":{"versionHolder":"2024-09-24"},"conditionBrowseModule":{"meshes":[{"id":"D000007172","term":"Erectile Dysfunction"}],"ancestors":[{"id":"D000005832","term":"Genital Diseases, Male"},{"id":"D000091662","term":"Genital Diseases"},{"id":"D000091642","term":"Urogenital Diseases"},{"id":"D000012735","term":"Sexual Dysfunction, Physiological"},{"id":"D000052801","term":"Male Urogenital Diseases"},{"id":"D000020018","term":"Sexual Dysfunctions, Psychological"},{"id":"D000001523","term":"Mental Disorders"}],"browseLeaves":[{"id":"M10217","name":"Erectile Dysfunction","asFound":"Erectile Dysfunction","relevance":"HIGH"},{"id":"M2876","name":"Genital Diseases","relevance":"LOW"},{"id":"M8944","name":"Genital Diseases, Male","relevance":"LOW"},{"id":"M2875","name":"Urogenital Diseases","relevance":"LOW"},{"id":"M15546","name":"Sexual Dysfunction, Physiological","relevance":"LOW"},{"id":"M27095","name":"Male Urogenital Diseases","relevance":"LOW"},{"id":"M21873","name":"Sexual Dysfunctions, Psychological","relevance":"LOW"},{"id":"M14473","name":"Psychotic Disorders","relevance":"LOW"},{"id":"M4815","name":"Mental Disorders","relevance":"LOW"}],"browseBranches":[{"abbrev":"BXS","name":"Urinary Tract, Sexual Organs, and Pregnancy Conditions"},{"abbrev":"BXM","name":"Behaviors and Mental Disorders"},{"abbrev":"All","name":"All Conditions"}]},"interventionBrowseModule":{"meshes":[{"id":"D000068677","term":"Sildenafil Citrate"},{"id":"D000019343","term":"Citric Acid"},{"id":"D000077559","term":"Sodium Citrate"}],"ancestors":[{"id":"D000000925","term":"Anticoagulants"},{"id":"D000065096","term":"Calcium Chelating Agents"},{"id":"D000002614","term":"Chelating Agents"},{"id":"D000064449","term":"Sequestering Agents"},{"id":"D000045504","term":"Molecular Mechanisms of Pharmacological Action"},{"id":"D000014665","term":"Vasodilator Agents"},{"id":"D000058986","term":"Phosphodiesterase 5 Inhibitors"},{"id":"D000010726","term":"Phosphodiesterase Inhibitors"},{"id":"D000004791","term":"Enzyme Inhibitors"},{"id":"D000064804","term":"Urological Agents"}],"browseLeaves":[{"id":"M21860","name":"Pharmaceutical Solutions","relevance":"LOW"},{"id":"M21320","name":"Citric Acid","asFound":"Clinic","relevance":"HIGH"},{"id":"M1837","name":"Sodium Citrate","asFound":"Clinic","relevance":"HIGH"},{"id":"M292","name":"Sildenafil Citrate","asFound":"Turned","relevance":"HIGH"},{"id":"M4244","name":"Anticoagulants","relevance":"LOW"},{"id":"M5381","name":"Calcium","relevance":"LOW"},{"id":"M5398","name":"Calcium, Dietary","relevance":"LOW"},{"id":"M5860","name":"Chelating Agents","relevance":"LOW"},{"id":"M17412","name":"Vasodilator Agents","relevance":"LOW"},{"id":"M29332","name":"Phosphodiesterase 5 Inhibitors","relevance":"LOW"},{"id":"M13629","name":"Phosphodiesterase Inhibitors","relevance":"LOW"},{"id":"M7951","name":"Enzyme Inhibitors","relevance":"LOW"},{"id":"T382","name":"Citrate","asFound":"Clinic","relevance":"HIGH"}],"browseBranches":[{"abbrev":"PhSol","name":"Pharmaceutical Solutions"},{"abbrev":"All","name":"All Drugs and Chemicals"},{"abbrev":"AnCoag","name":"Anticoagulants"},{"abbrev":"VaDiAg","name":"Vasodilator Agents"},{"abbrev":"Urol","name":"Urological Agents"},{"abbrev":"BDCA","name":"Bone Density Conservation Agents"},{"abbrev":"Ot","name":"Other Dietary Supplements"}]}},"hasResults":false}