{"protocolSection":{"identificationModule":{"nctId":"NCT02284659","orgStudyIdInfo":{"id":"FUHSPortoAlegre"},"organization":{"fullName":"Federal University of Health Science of Porto Alegre","class":"OTHER"},"briefTitle":"Effect of Functional Electrical Stimulation on Erectile Dysfunction","officialTitle":"Effect of Functional Electrical Stimulation on Erectile Dysfunction"},"statusModule":{"statusVerifiedDate":"2015-03","overallStatus":"COMPLETED","expandedAccessInfo":{"hasExpandedAccess":false},"startDateStruct":{"date":"2014-11"},"primaryCompletionDateStruct":{"date":"2014-12","type":"ACTUAL"},"completionDateStruct":{"date":"2015-03","type":"ACTUAL"},"studyFirstSubmitDate":"2014-10-31","studyFirstSubmitQcDate":"2014-11-05","studyFirstPostDateStruct":{"date":"2014-11-06","type":"ESTIMATED"},"lastUpdateSubmitDate":"2015-03-05","lastUpdatePostDateStruct":{"date":"2015-03-06","type":"ESTIMATED"}},"sponsorCollaboratorsModule":{"responsibleParty":{"type":"PRINCIPAL_INVESTIGATOR","investigatorFullName":"Cristiane Carboni","investigatorTitle":"Professor","investigatorAffiliation":"Federal University of Health Science of Porto Alegre"},"leadSponsor":{"name":"Federal University of Health Science of Porto Alegre","class":"OTHER"}},"oversightModule":{"oversightHasDmc":true},"descriptionModule":{"briefSummary":"Objective: The aim of this study is to evaluate the FES effect on erectile function in men with erectile dysfunction.\n\nExpected Results: The hypothesis is that treatment with FES decrease erectile dysfunction.","detailedDescription":"Introduction: Erectile dysfunction (ED) affects approximately 150 million men worldwide. The application of functional electrical stimulation (FES) has been used due to the high regenerative capacity of smooth muscle cells. This approach can be beneficial in the treatment of which usually has the ultimate causes cavernous smooth muscle degeneration.\n\nObjective: The aim of this study is to evaluate the FES effect on erectile function in men with erectile dysfunction.\n\nMethods: Randomized Clinical Trial will be selected in which 30 patients with erectile dysfunction. The men included will be randomized into two groups. The intervention group will conduct therapy with FES (50Hz / 500us) for 15 minutes with intensity below the motor threshold and the control group will use FES placebo. Two sessions will be held weekly for four weeks. Erectile function will be assessed using the validated questionnaire IIEF-5. The instrument will be completed by blinded researcher and the technique is randomized and the treatment done randomly.\n\nExpected Results: The hypothesis is that treatment with FES decrease erectile dysfunction."},"conditionsModule":{"conditions":["Erectile Dysfunction"]},"designModule":{"studyType":"INTERVENTIONAL","phases":["NA"],"designInfo":{"allocation":"RANDOMIZED","interventionModel":"PARALLEL","primaryPurpose":"TREATMENT","maskingInfo":{"masking":"SINGLE","whoMasked":["PARTICIPANT"]}},"enrollmentInfo":{"count":22,"type":"ACTUAL"}},"armsInterventionsModule":{"armGroups":[{"label":"FES-sham","type":"SHAM_COMPARATOR","description":"Functional Electro Stimulation (FES-sham)","interventionNames":["Device: FES- Sham"]},{"label":"Intervention (FES)","type":"ACTIVE_COMPARATOR","description":"functional electro stimulation","interventionNames":["Device: Functional Electrical Stimulation (FES)"]}],"interventions":[{"type":"DEVICE","name":"Functional Electrical Stimulation (FES)","description":"FES (50Hz / 500us)","armGroupLabels":["Intervention (FES)"]},{"type":"DEVICE","name":"FES- Sham","armGroupLabels":["FES-sham"]}]},"outcomesModule":{"primaryOutcomes":[{"measure":"Erectile function with International Index of Erectile Function-5 questionnaire","timeFrame":"2 times a week for 30 minutes"}]},"eligibilityModule":{"eligibilityCriteria":"Inclusion Criteria:\n\n* Male patient\n* 40 to 65 years of age, with stable marital relationship (6 months)\n* Diagnosis of erectile dysfunction (score of less than 22 IIEF5)\n* Clinical history of ED for at least 6 months\n\nExclusion Criteria:\n\n* A neurogenic (spinal cord injury, Parkinson's, MS, post prostatectomy)\n* Hypogonadism (total testosterone \\<300 ng / dl)\n* Patient reporting use of inhibitors or 5PDE FIC in the last 60 days\n* Diagnosis of coronary artery disease and / or cerebrovascular disease\n* Impossibility of understanding the goals, technical study and informed consent cognitive impairment","healthyVolunteers":false,"sex":"MALE","minimumAge":"40 Years","maximumAge":"70 Years","stdAges":["ADULT","OLDER_ADULT"]}},"annotationSection":{"annotationModule":{"unpostedAnnotation":{"unpostedResponsibleParty":"Cristiane Carboni, Professor, Federal University of Health Science of Porto Alegre","unpostedEvents":[{"type":"RELEASE","date":"2016-06-13"},{"type":"RESET","date":"2016-07-22"},{"type":"RELEASE","date":"2018-10-07"},{"type":"RESET","date":"2019-02-15"}]}}},"derivedSection":{"miscInfoModule":{"versionHolder":"2024-09-24","submissionTracking":{"estimatedResultsFirstSubmitDate":"2016-06-13","submissionInfos":[{"releaseDate":"2016-06-13","resetDate":"2016-07-22"},{"releaseDate":"2018-10-07","resetDate":"2019-02-15"}]}},"conditionBrowseModule":{"meshes":[{"id":"D000007172","term":"Erectile Dysfunction"}],"ancestors":[{"id":"D000005832","term":"Genital Diseases, Male"},{"id":"D000091662","term":"Genital Diseases"},{"id":"D000091642","term":"Urogenital Diseases"},{"id":"D000012735","term":"Sexual Dysfunction, Physiological"},{"id":"D000052801","term":"Male Urogenital Diseases"},{"id":"D000020018","term":"Sexual Dysfunctions, Psychological"},{"id":"D000001523","term":"Mental Disorders"}],"browseLeaves":[{"id":"M10217","name":"Erectile Dysfunction","asFound":"Erectile Dysfunction","relevance":"HIGH"},{"id":"M2876","name":"Genital Diseases","relevance":"LOW"},{"id":"M8944","name":"Genital Diseases, Male","relevance":"LOW"},{"id":"M2875","name":"Urogenital Diseases","relevance":"LOW"},{"id":"M15546","name":"Sexual Dysfunction, Physiological","relevance":"LOW"},{"id":"M27095","name":"Male Urogenital Diseases","relevance":"LOW"},{"id":"M21873","name":"Sexual Dysfunctions, Psychological","relevance":"LOW"},{"id":"M14473","name":"Psychotic Disorders","relevance":"LOW"},{"id":"M4815","name":"Mental Disorders","relevance":"LOW"}],"browseBranches":[{"abbrev":"BXS","name":"Urinary Tract, Sexual Organs, and Pregnancy Conditions"},{"abbrev":"BXM","name":"Behaviors and Mental Disorders"},{"abbrev":"All","name":"All Conditions"}]}},"hasResults":false}