{"protocolSection":{"identificationModule":{"nctId":"NCT03308409","orgStudyIdInfo":{"id":"BMGC-3"},"organization":{"fullName":"Boston Medical Group","class":"INDUSTRY"},"briefTitle":"Comparative Effectiveness and Safety of Three Protocols Usin Li-ESWT for Erectile Dysfunction","officialTitle":"Clinical Randomized Multicentric Trial to Evaluate the Comparative Effectiveness and Safety of Three Protocols Using Low-intensity Shock Waves for the Treatment of Erectile Dysfunction"},"statusModule":{"statusVerifiedDate":"2023-10","overallStatus":"COMPLETED","expandedAccessInfo":{"hasExpandedAccess":false},"startDateStruct":{"date":"2017-10-18","type":"ACTUAL"},"primaryCompletionDateStruct":{"date":"2023-10-15","type":"ACTUAL"},"completionDateStruct":{"date":"2023-10-15","type":"ACTUAL"},"studyFirstSubmitDate":"2017-10-09","studyFirstSubmitQcDate":"2017-10-09","studyFirstPostDateStruct":{"date":"2017-10-12","type":"ACTUAL"},"lastUpdateSubmitDate":"2023-10-31","lastUpdatePostDateStruct":{"date":"2023-11-01","type":"ACTUAL"}},"sponsorCollaboratorsModule":{"responsibleParty":{"type":"SPONSOR"},"leadSponsor":{"name":"Boston Medical Group","class":"INDUSTRY"}},"oversightModule":{"oversightHasDmc":false,"isFdaRegulatedDrug":false,"isFdaRegulatedDevice":false},"descriptionModule":{"briefSummary":"The patients with primary erectile dysfunction (IIEF-EF \\<26 points), will be randomly assigned to three shockwave treatment protocols: Protocol 1 six sessions, one per week; Protocol 2, six initial sessions, one per week, followed by monthly maintenance sessions (every 4 weeks) for five months; Protocol 3, six monthly sessions. The EHS and IIEF-EF scores will be compared as well as the possible adverse events from the therapy upon beginning and completing the treatment and at the 3-month and 6-month follow-ups. Self-esteem and quality of life will also be evaluated using the SEAR scale."},"conditionsModule":{"conditions":["Erectile Dysfunction"]},"designModule":{"studyType":"INTERVENTIONAL","phases":["NA"],"designInfo":{"allocation":"RANDOMIZED","interventionModel":"PARALLEL","interventionModelDescription":"Patients who met the selection criteria were randomly assigned to one of three groups: weekly protocol, monthly protocol, or booster protocol, in a 1:1:1 ratio.","primaryPurpose":"TREATMENT","maskingInfo":{"masking":"NONE"}},"enrollmentInfo":{"count":277,"type":"ACTUAL"}},"armsInterventionsModule":{"armGroups":[{"label":"Protocol 1","type":"ACTIVE_COMPARATOR","description":"Low-intensity extracorporeal shock wave therapy (Li-ESWT): Six sessions, one per week, with 3000 pulses at 0.20 mj/mm2, at a frequency of 4Hz. At all of the shockwave sessions, 2000 pulses will be distributed to the body of the penis and 1000 pulses will be applied to the base.","interventionNames":["Other: Low-intensity extracorporeal shock wave therapy (Li-ESWT)"]},{"label":"Protocol 2","type":"EXPERIMENTAL","description":"Low-intensity extracorporeal shock wave therapy (Li-ESWT): Six initial sessions, one per week, with 3000 pulses at 0.20 mj/mm2, at a frequency of 4Hz for six weeks, followed by monthly maintenance sessions (every 4 weeks) for five months. At all of the shockwave sessions, 2000 pulses will be distributed to the body of the penis and 1000 pulses will be applied to the base.","interventionNames":["Other: Low-intensity extracorporeal shock wave therapy (Li-ESWT)"]},{"label":"Protocol 3","type":"EXPERIMENTAL","description":"Low-intensity extracorporeal shock wave therapy (Li-ESWT): Six monthly sessions in which 3000 pulses will be applied at 0.20 mj/mm2, at a frequency of 4Hz, with 2000 pulses distributed to the body of the penis and 1000 pulses applied to the base","interventionNames":["Other: Low-intensity extracorporeal shock wave therapy (Li-ESWT)"]}],"interventions":[{"type":"OTHER","name":"Low-intensity extracorporeal shock wave therapy (Li-ESWT)","description":"Low-intensity shock waves are acoustic wavelengths which are transmitted continuously at a frequency between 16 and 20 megahertz for under 10 microseconds. They generate a pressure pulse and transport energy as they propagate through a medium. Three different methods can be used to generate this type of wave: electro-hydraulics, electro-magnetics and piezoelectricity. Regardless of the method, when the shock waves are applied to an organ they interact with the deep tissue. This causes stress and small mechanical traumas, activating the release of angiogenic factors which induce new vascularization of the affected tissue, thereby improving blood flow.","armGroupLabels":["Protocol 1","Protocol 2","Protocol 3"]}]},"outcomesModule":{"primaryOutcomes":[{"measure":"IIEF-EF score 6 months after completing the treatment","description":"This is a highly sensitive and specific scale for detecting changes in erectile function in response to treatment. The degree of dysfunction is scored on a range of 0 to 30 points on the Erectile Functioning domain (questions 1, 2, 3, 4, 5, 15). The categories are: severe between 0 and 10, moderate between 11 and 16, mild-to-moderate between 17 and 21, mild between 22 and 25, and no ED between 26 and 30.","timeFrame":"6 month follow-ups"}],"secondaryOutcomes":[{"measure":"Erection Hardness Score","description":"The EHS has a single Likert scale: 0 = Penis does not increase in size; 1= the penis increases in size but is not hard; 2 = the penis is hard but not hard enough for penetration; 3 = the penis is hard enough for penetration but not completely hard; 4 = the penis is completely hard and fully rigid","timeFrame":"3-month and 6-month follow-ups"},{"measure":"Clinical improvement","description":"For patients with moderate ED, a 5-point increase in the IIEF-EF score is considered improvement. For patients with mild ED a 2-point increase on this scale is considered improvement. And for those with severe ED a 7-point change is considered improvement.","timeFrame":"6-month follow-ups"},{"measure":"Number of satisfactory relations","description":"According to the patient's journal records. For the purpose of this study, satisfactory relations are defined as the increase in rigidity and duration of the erection as evaluated by the patient and his partner. For patients who were not able to penetrate before treatment, satisfactory relations will include not only an increase in rigidity and duration of the erection but also the ability to penetrate.","timeFrame":"3-month and 6-month follow-ups"}]},"eligibilityModule":{"eligibilityCriteria":"Inclusion Criteria:\n\n* Men over 18 years of age\n* Presence of ED for more than 3 months in over 50% of sexual intercourses.\n* Baseline ED domain score under 26 on the IIEF-15 EF domain.\n* Patient agrees to participate in the trial by providing signed informed consent.\n\nExclusion Criteria:\n\n* EHS score of 4.\n* Patients with an INR over 3.\n* Patients with sickle-cell anemia.\n* Patients with clinical suspicion of hypogonadism (AMS over 36).\n* Endocrine diseases that present with ED, such as acromegaly, gigantism, Addison's disease, hyperprolactinemia, androgen deficiency.\n* Active vesicular, prostrate or colon cancer.\n* Radical prostatectomy or other radical pelvic surgery.\n* History of pelvic radiation therapy.\n* Patients with ED of psychological origin.\n* Spinal cord injury or other neurological diseases associated with ED.\n* Anatomical penile dysfunction, penile implant.\n* Patients with active infections or lesions on the penis or pubic area.\n* Patients with ED secondary to drug therapy (antiandrogen therapy, alpha blockers for BPH, use of corticosteroids, medication for Parkinson's disease, antipsychotics).\n* Abuse of psychoactive substances.","healthyVolunteers":false,"sex":"MALE","minimumAge":"18 Years","stdAges":["ADULT","OLDER_ADULT"]},"contactsLocationsModule":{"locations":[{"facility":"Boston Medical Group Colombia","city":"Bogotá","state":"Cundinamarca","zip":"11022","country":"Colombia","geoPoint":{"lat":4.60971,"lon":-74.08175}},{"facility":"Boston Medical Group","city":"Mexico City","country":"Mexico","geoPoint":{"lat":19.42847,"lon":-99.12766}}]},"ipdSharingStatementModule":{"ipdSharing":"NO"}},"derivedSection":{"miscInfoModule":{"versionHolder":"2024-09-24","removedCountries":["Brazil"]},"conditionBrowseModule":{"meshes":[{"id":"D000007172","term":"Erectile Dysfunction"}],"ancestors":[{"id":"D000005832","term":"Genital Diseases, Male"},{"id":"D000091662","term":"Genital Diseases"},{"id":"D000091642","term":"Urogenital Diseases"},{"id":"D000012735","term":"Sexual Dysfunction, Physiological"},{"id":"D000052801","term":"Male Urogenital Diseases"},{"id":"D000020018","term":"Sexual Dysfunctions, Psychological"},{"id":"D000001523","term":"Mental Disorders"}],"browseLeaves":[{"id":"M10217","name":"Erectile Dysfunction","asFound":"Erectile Dysfunction","relevance":"HIGH"},{"id":"M15577","name":"Shock","relevance":"LOW"},{"id":"M2876","name":"Genital Diseases","relevance":"LOW"},{"id":"M8944","name":"Genital Diseases, Male","relevance":"LOW"},{"id":"M2875","name":"Urogenital Diseases","relevance":"LOW"},{"id":"M15546","name":"Sexual Dysfunction, Physiological","relevance":"LOW"},{"id":"M27095","name":"Male Urogenital Diseases","relevance":"LOW"},{"id":"M21873","name":"Sexual Dysfunctions, Psychological","relevance":"LOW"},{"id":"M14473","name":"Psychotic Disorders","relevance":"LOW"},{"id":"M4815","name":"Mental Disorders","relevance":"LOW"}],"browseBranches":[{"abbrev":"BXS","name":"Urinary Tract, Sexual Organs, and Pregnancy Conditions"},{"abbrev":"BXM","name":"Behaviors and Mental Disorders"},{"abbrev":"All","name":"All Conditions"},{"abbrev":"BC23","name":"Symptoms and General Pathology"}]},"interventionBrowseModule":{"browseLeaves":[{"id":"M25212","name":"Angiogenesis Inducing Agents","relevance":"LOW"}],"browseBranches":[{"abbrev":"All","name":"All Drugs and Chemicals"}]}},"hasResults":false}