{"protocolSection":{"identificationModule":{"nctId":"NCT00947323","orgStudyIdInfo":{"id":"STED"},"organization":{"fullName":"Santa Casa de Porto Alegre","class":"OTHER"},"briefTitle":"Simvastatin for Treating Erectile Dysfunction","officialTitle":"The Effect of Simvastatin in the Penile Erection: a Randomized, Double-blind Clinical Trial","acronym":"STED"},"statusModule":{"statusVerifiedDate":"2010-09","overallStatus":"COMPLETED","expandedAccessInfo":{"hasExpandedAccess":false},"startDateStruct":{"date":"2006-01"},"primaryCompletionDateStruct":{"date":"2008-07","type":"ACTUAL"},"completionDateStruct":{"date":"2008-12","type":"ACTUAL"},"studyFirstSubmitDate":"2009-07-27","studyFirstSubmitQcDate":"2009-07-27","studyFirstPostDateStruct":{"date":"2009-07-28","type":"ESTIMATED"},"lastUpdateSubmitDate":"2010-09-24","lastUpdatePostDateStruct":{"date":"2010-09-27","type":"ESTIMATED"}},"sponsorCollaboratorsModule":{"responsibleParty":{"oldNameTitle":"Eduardo Touguinha Mastalir","oldOrganization":"Santa Casa de Porto Alegre"},"leadSponsor":{"name":"Santa Casa de Porto Alegre","class":"OTHER"}},"oversightModule":{"oversightHasDmc":true},"descriptionModule":{"briefSummary":"This is a randomized clinical trial, double-blind, placebo controlled, to verify if simvastatin can improve erectile dysfunction in men with endothelial dysfunction, without any cardiac disease.It is hypothesized that the simvastatin can improve the endothelial function, improving the nitric oxide liberation in corpora cavernosa of the penis, resulting in improvement of erection."},"conditionsModule":{"conditions":["Erectile Dysfunction","Vascular Disease Detected","C Reactive Protein"],"keywords":["simvastatin","endothelial dysfunction","erectile dysfunction"]},"designModule":{"studyType":"INTERVENTIONAL","phases":["PHASE3"],"designInfo":{"allocation":"RANDOMIZED","interventionModel":"SINGLE_GROUP","primaryPurpose":"TREATMENT","maskingInfo":{"masking":"DOUBLE"}},"enrollmentInfo":{"count":41,"type":"ACTUAL"}},"armsInterventionsModule":{"armGroups":[{"label":"placebo","type":"PLACEBO_COMPARATOR","interventionNames":["Drug: Placebo"]},{"label":"Simvastatin","type":"EXPERIMENTAL","description":"Treatment arm.","interventionNames":["Drug: Simvastatin"]}],"interventions":[{"type":"DRUG","name":"Simvastatin","description":"simvastatin 20 daily for six months.","armGroupLabels":["Simvastatin"]},{"type":"DRUG","name":"Placebo","armGroupLabels":["placebo"]}]},"outcomesModule":{"primaryOutcomes":[{"measure":"Penile erection"}]},"eligibilityModule":{"eligibilityCriteria":"Inclusion Criteria:\n\n* Erectile dysfunction\n* Elevated C reactive protein\n* Able to adhere the protocol\n\nExclusion Criteria:\n\n* Diabetes mellitus\n* Cardiac disease\n* Cerebral vascular disease\n* Hypogonadism\n* Any contraindication to simvastatin","healthyVolunteers":false,"sex":"MALE","minimumAge":"35 Years","maximumAge":"70 Years","stdAges":["ADULT","OLDER_ADULT"]}},"derivedSection":{"miscInfoModule":{"versionHolder":"2024-09-24"},"conditionBrowseModule":{"meshes":[{"id":"D000007172","term":"Erectile Dysfunction"},{"id":"D000014652","term":"Vascular Diseases"}],"ancestors":[{"id":"D000005832","term":"Genital Diseases, Male"},{"id":"D000091662","term":"Genital Diseases"},{"id":"D000091642","term":"Urogenital Diseases"},{"id":"D000012735","term":"Sexual Dysfunction, Physiological"},{"id":"D000052801","term":"Male Urogenital Diseases"},{"id":"D000020018","term":"Sexual Dysfunctions, Psychological"},{"id":"D000001523","term":"Mental Disorders"},{"id":"D000002318","term":"Cardiovascular Diseases"}],"browseLeaves":[{"id":"M10217","name":"Erectile Dysfunction","asFound":"Erectile Dysfunction","relevance":"HIGH"},{"id":"M17400","name":"Vascular Diseases","asFound":"Vascular Disease","relevance":"HIGH"},{"id":"M2876","name":"Genital Diseases","relevance":"LOW"},{"id":"M8944","name":"Genital Diseases, Male","relevance":"LOW"},{"id":"M2875","name":"Urogenital Diseases","relevance":"LOW"},{"id":"M15546","name":"Sexual Dysfunction, Physiological","relevance":"LOW"},{"id":"M27095","name":"Male Urogenital Diseases","relevance":"LOW"},{"id":"M21873","name":"Sexual Dysfunctions, Psychological","relevance":"LOW"},{"id":"M14473","name":"Psychotic Disorders","relevance":"LOW"},{"id":"M4815","name":"Mental Disorders","relevance":"LOW"}],"browseBranches":[{"abbrev":"BXS","name":"Urinary Tract, Sexual Organs, and Pregnancy Conditions"},{"abbrev":"BXM","name":"Behaviors and Mental Disorders"},{"abbrev":"All","name":"All Conditions"},{"abbrev":"BC14","name":"Heart and Blood Diseases"}]},"interventionBrowseModule":{"meshes":[{"id":"D000019821","term":"Simvastatin"}],"ancestors":[{"id":"D000000924","term":"Anticholesteremic Agents"},{"id":"D000000960","term":"Hypolipidemic Agents"},{"id":"D000000963","term":"Antimetabolites"},{"id":"D000045504","term":"Molecular Mechanisms of Pharmacological Action"},{"id":"D000057847","term":"Lipid Regulating Agents"},{"id":"D000019161","term":"Hydroxymethylglutaryl-CoA Reductase Inhibitors"},{"id":"D000004791","term":"Enzyme Inhibitors"}],"browseLeaves":[{"id":"M21713","name":"Simvastatin","asFound":"History","relevance":"HIGH"},{"id":"M4243","name":"Anticholesteremic Agents","relevance":"LOW"},{"id":"M4278","name":"Hypolipidemic Agents","relevance":"LOW"},{"id":"M4281","name":"Antimetabolites","relevance":"LOW"},{"id":"M28883","name":"Lipid Regulating Agents","relevance":"LOW"},{"id":"M21155","name":"Hydroxymethylglutaryl-CoA Reductase Inhibitors","relevance":"LOW"},{"id":"M7951","name":"Enzyme Inhibitors","relevance":"LOW"}],"browseBranches":[{"abbrev":"Lipd","name":"Lipid Regulating Agents"},{"abbrev":"All","name":"All Drugs and Chemicals"}]}},"hasResults":false}