{"protocolSection":{"identificationModule":{"nctId":"NCT01305083","orgStudyIdInfo":{"id":"AI2010-01"},"organization":{"fullName":"Abdi Ibrahim Ilac San. ve Tic A.S.","class":"INDUSTRY"},"briefTitle":"Efficacy and Safety Study of Udenafil Tablets in Erectile Dysfunction.","officialTitle":"A Randomized, Double Blind, Placebo Controlled, Multicentric Study to Assess the Efficacy and Safety of Udenafil Tablets in Patients Suffering From Erectile Dysfunction."},"statusModule":{"statusVerifiedDate":"2012-05","overallStatus":"COMPLETED","expandedAccessInfo":{"hasExpandedAccess":false},"startDateStruct":{"date":"2010-10"},"primaryCompletionDateStruct":{"date":"2011-08","type":"ACTUAL"},"completionDateStruct":{"date":"2011-08","type":"ACTUAL"},"studyFirstSubmitDate":"2011-02-25","studyFirstSubmitQcDate":"2011-02-25","studyFirstPostDateStruct":{"date":"2011-02-28","type":"ESTIMATED"},"lastUpdateSubmitDate":"2012-05-11","lastUpdatePostDateStruct":{"date":"2012-05-14","type":"ESTIMATED"}},"sponsorCollaboratorsModule":{"responsibleParty":{"type":"SPONSOR"},"leadSponsor":{"name":"Abdi Ibrahim Ilac San. ve Tic A.S.","class":"INDUSTRY"}},"oversightModule":{"oversightHasDmc":false},"descriptionModule":{"briefSummary":"This randomized, double blind, placebo controlled, multicentric, clinical study will assess the efficacy and safety of Udenafil (100 mg) tablets in patients suffering from erectile dysfunction(ED)."},"conditionsModule":{"conditions":["Erectile Dysfunction"]},"designModule":{"studyType":"INTERVENTIONAL","phases":["PHASE3"],"designInfo":{"allocation":"RANDOMIZED","interventionModel":"PARALLEL","primaryPurpose":"TREATMENT","maskingInfo":{"masking":"TRIPLE","whoMasked":["PARTICIPANT","INVESTIGATOR","OUTCOMES_ASSESSOR"]}},"enrollmentInfo":{"count":118,"type":"ACTUAL"}},"armsInterventionsModule":{"armGroups":[{"label":"Udenafil","type":"ACTIVE_COMPARATOR","description":"Active Ingredient","interventionNames":["Drug: Udenafil","Drug: Placebo"]},{"label":"Placebo","type":"PLACEBO_COMPARATOR","description":"Placebo","interventionNames":["Drug: Udenafil","Drug: Placebo"]}],"interventions":[{"type":"DRUG","name":"Udenafil","description":"Placebo-control","armGroupLabels":["Placebo","Udenafil"]},{"type":"DRUG","name":"Placebo","description":"Placebo","armGroupLabels":["Placebo","Udenafil"]}]},"outcomesModule":{"primaryOutcomes":[{"measure":"IIEF","timeFrame":"8 week"}],"secondaryOutcomes":[{"measure":"Changes in the total score of IIEF at the end of the treatment compared to baseline.","timeFrame":"8 week"},{"measure":"Changes in score of Question 3 (SEP2) and Question 4 (SEP3) of IIEF questionnaire at the end of the treatment period as compared to baseline.","timeFrame":"8 week"},{"measure":"Overall assessment of efficacy (GAQ) to the study medication at the end of the study.","timeFrame":"8 week"}]},"eligibilityModule":{"eligibilityCriteria":"Inclusion Criteria:\n\n* Male patients of 18 to 60 years of age.\n* Patients in a stable, monogamous sexual relationship with a female partner for at least 6 months and willing to maintain this relationship for the duration of the study.\n* Patients with established diagnosis of erectile dysfunction (ED) of organic, psychogenic or mixed etiology for at least 6 months duration.\n* Patient willing to attempt at least one sexual intercourse in a week for the entire treatment.\n\nExclusion Criteria:\n\n* Patients with total erectile failure or any other sexual disorder such as hypoactive sexual desire.\n* Patients who have previously failed to respond to PDE-5 inhibitors like Sildenafil, Vardenafil or Tadalafil.\n* Patients who have used other erectile dysfunction therapies within 14 days (2 weeks) prior to entering into this study (i.e. visit 1).\n* Patients with hypogonadism or anatomical deformity of the penis such as severe penile fibrosis or Peyronie's disease or penile trauma.\n* Patients with a history of major psychiatric disorder.\n* Patients with a history of significant pathological cardiovascular conditions such as: congestive heart failure, life-threatening arrhythmia or ischemic heart disease within the past 6 months.\n* Patients with a history of central nervous system disorders such as stroke, transient ischemic attacks or spinal cord injury or a radical prostatectomy or radical pelvic surgery.\n* Patients with hypotension (\\<90/50) or uncontrolled hypertension (\\>170/100), uncontrolled diabetes, hepatic impairment (SGOT or SGPT levels \\> 3 x Upper Normal Limit), renal impairment (serum creatinine \\> 2.5mg/dl), hematological disorders such as bleeding disorders.\n* Patients with a history of retinitis pigmentosa, proliferative diabetic retinopathy or non-arteritic anterior ischemic optic neuropathy (NAION).\n* Patients with a history of sickle cell disease, multiple myeloma, leukemia or any other disorders that may cause priapism.\n* Patients on concomitant treatment with nitrates/nitrites(NO) donor, CYP3A4 inhibitors, CYP3A4 inducers, anticoagulants, androgens, antiandrogens or trazodone.\n* Patients with known hypersensitivity to PDE 5 inhibitors like Sildenafil, Vardenafil or Tadalafil.\n* Patient with known diagnosis to AIDS or with a positive HIV result at study screening visit.\n* Patients with any other serious concurrent illness or malignancy.\n* Patients with continuing history of alcohol and / or drug abuse.\n* Participation in another clinical trial in the past 30days.","healthyVolunteers":false,"sex":"MALE","minimumAge":"18 Years","maximumAge":"60 Years","stdAges":["ADULT"]},"contactsLocationsModule":{"locations":[{"city":"Ankara","zip":"06100","country":"Turkey","geoPoint":{"lat":39.91987,"lon":32.85427}},{"city":"Ankara","country":"Turkey","geoPoint":{"lat":39.91987,"lon":32.85427}},{"city":"Istanbul","country":"Turkey","geoPoint":{"lat":41.01384,"lon":28.94966}},{"city":"Izmir","country":"Turkey","geoPoint":{"lat":38.41273,"lon":27.13838}},{"city":"Mersin","zip":"33343","country":"Turkey","geoPoint":{"lat":36.79526,"lon":34.61792}}]}},"derivedSection":{"miscInfoModule":{"versionHolder":"2024-09-24"},"conditionBrowseModule":{"meshes":[{"id":"D000007172","term":"Erectile Dysfunction"}],"ancestors":[{"id":"D000005832","term":"Genital Diseases, Male"},{"id":"D000091662","term":"Genital Diseases"},{"id":"D000091642","term":"Urogenital Diseases"},{"id":"D000012735","term":"Sexual Dysfunction, Physiological"},{"id":"D000052801","term":"Male Urogenital Diseases"},{"id":"D000020018","term":"Sexual Dysfunctions, Psychological"},{"id":"D000001523","term":"Mental Disorders"}],"browseLeaves":[{"id":"M10217","name":"Erectile Dysfunction","asFound":"Erectile Dysfunction","relevance":"HIGH"},{"id":"M2876","name":"Genital Diseases","relevance":"LOW"},{"id":"M8944","name":"Genital Diseases, Male","relevance":"LOW"},{"id":"M2875","name":"Urogenital Diseases","relevance":"LOW"},{"id":"M15546","name":"Sexual Dysfunction, Physiological","relevance":"LOW"},{"id":"M27095","name":"Male Urogenital Diseases","relevance":"LOW"},{"id":"M21873","name":"Sexual Dysfunctions, Psychological","relevance":"LOW"},{"id":"M14473","name":"Psychotic Disorders","relevance":"LOW"},{"id":"M4815","name":"Mental Disorders","relevance":"LOW"}],"browseBranches":[{"abbrev":"BXS","name":"Urinary Tract, Sexual Organs, and Pregnancy Conditions"},{"abbrev":"BXM","name":"Behaviors and Mental Disorders"},{"abbrev":"All","name":"All Conditions"}]},"interventionBrowseModule":{"meshes":[{"id":"C000419664","term":"Udenafil"}],"ancestors":[{"id":"D000058986","term":"Phosphodiesterase 5 Inhibitors"},{"id":"D000010726","term":"Phosphodiesterase Inhibitors"},{"id":"D000004791","term":"Enzyme Inhibitors"},{"id":"D000045504","term":"Molecular Mechanisms of Pharmacological Action"}],"browseLeaves":[{"id":"M351268","name":"Udenafil","asFound":"Urine collection","relevance":"HIGH"},{"id":"M29332","name":"Phosphodiesterase 5 Inhibitors","relevance":"LOW"},{"id":"M13629","name":"Phosphodiesterase Inhibitors","relevance":"LOW"},{"id":"M7951","name":"Enzyme Inhibitors","relevance":"LOW"}],"browseBranches":[{"abbrev":"All","name":"All Drugs and Chemicals"}]}},"hasResults":false}