{"protocolSection":{"identificationModule":{"nctId":"NCT04129814","orgStudyIdInfo":{"id":"periodontal therapy and IIEF"},"organization":{"fullName":"Taibah University","class":"OTHER"},"briefTitle":"The Effects of Non -Surgical Periodontal Treatment on The Severity of Erectile Dysfunction","officialTitle":"The Effects of Non -Surgical Periodontal Treatment on The Severity of Erectile Dysfunction (Randomized Controlled Clinical Trial)"},"statusModule":{"statusVerifiedDate":"2019-10","overallStatus":"COMPLETED","expandedAccessInfo":{"hasExpandedAccess":false},"startDateStruct":{"date":"2016-04","type":"ACTUAL"},"primaryCompletionDateStruct":{"date":"2017-07","type":"ACTUAL"},"completionDateStruct":{"date":"2017-07","type":"ACTUAL"},"studyFirstSubmitDate":"2019-10-15","studyFirstSubmitQcDate":"2019-10-16","studyFirstPostDateStruct":{"date":"2019-10-17","type":"ACTUAL"},"lastUpdateSubmitDate":"2019-10-17","lastUpdatePostDateStruct":{"date":"2019-10-21","type":"ACTUAL"}},"sponsorCollaboratorsModule":{"responsibleParty":{"type":"PRINCIPAL_INVESTIGATOR","investigatorFullName":"Yasser El Makaky","investigatorTitle":"Associated professor","investigatorAffiliation":"Taibah University"},"leadSponsor":{"name":"Taibah University","class":"OTHER"},"collaborators":[{"name":"Tanta University","class":"OTHER"}]},"oversightModule":{"isFdaRegulatedDrug":false,"isFdaRegulatedDevice":false},"descriptionModule":{"briefSummary":"The aim of the present study is to study the influence of periodontal therapy (non-surgical) on the severity of erectile dysfunction(ED) among patients with chronic periodontitis and moderate or severe ED.","detailedDescription":"there no sufficient data to determine a possible link between erectile dysfunction ( ED) and periodontitis. Therefore, the purpose of this clinical trial is to study the influence of periodontal therapy (non-surgical) on the severity of ED among patients with chronic periodontitis and moderate or severe ED.\n\nSample size: The total number of patients in the current trial will be 140 to requite dropout rate during follow-up period.\n\nPatients and study design:\n\nThe current trial is a single-blinded, randomized, parallel, controlled clinical study.\n\nThe patients with severe or moderate ED will selected from attendants of Andrology Outpatients Clinic, Tanta University Hospital and will referred to Periodontology Department, Tanta University. Statistical software (STATA 13.1, Stata Corp, Texas, USA) will be used on study participants for random allocation that identify to which group the patients will enrolled, using 1:1 allocation ratio.\n\nIntervention protocol The patients will included in this study if they met the inclusion criteria. The IIEF is an appropriate questionnaire that is used for assessment of men sexual function, especially the ED. . Subjects with scores \\> 25 will assessed as men with normal sexual function while those with scores ≤ 25 will diagnosed as patients with ED. Following this, participants will directed to periodontology department to assess their periodontal health . After periodontal screening, all eligible patients will informed of potential risks, study objective, and benefits of their participation in this study. Non-surgical periodontal treatment that will be performed by the same periodontist for all participants within a test group at baseline and after three months for patients in a control group. Therefore, no periodontal treatment will be performed during the follow-up period in control group. D\n\nClinical and periodontal evaluation Thorough medical history, data on age, gender and socio-demographic characteristics will be gathered for all participants in studied groups at baseline. A full-mouth periodontal screening will be carried out by one specialist using a manual probe (Hu-Friedy, Chicago, IL, USA). Prior the current study, test-retest exercises will be performed in 20 patients to assess intra-examiner calibration. The periodontal parameters will be assessed at baseline and at 3 months that consist of PD, CAL, visible dental plaque (will be assessed at 4 sites per each tooth using a probe and will be recorded as present or absent) and bleeding on probing (BOP) (will be recorded as ratio of sites displaying bleeding after light probing) 10. After exclusion of third molars; for each tooth BOP, CAL and PD will be monitored at 6 sites. The IIEF scores will be recorded at baseline and 3 months for both groups.\n\nCytokine collection and evaluation:\n\nQuantitative assessment of TNF-α in saliva and serum will be done by commercially available kit (Ray Bio Human TNF-α Enzyme Immunoassay)."},"conditionsModule":{"conditions":["Periodontitis","Erectile Dysfunction"],"keywords":["Chronic periodontitis","Prognosis","Erectile Dysfunction"]},"designModule":{"studyType":"INTERVENTIONAL","phases":["NA"],"designInfo":{"allocation":"RANDOMIZED","interventionModel":"PARALLEL","interventionModelDescription":"After periodontal and medical screening, all eligible patients will informed of potential risks, study objective, and benefits of their participation in this study. Non-surgical periodontal treatment consisted of oral hygiene instructions (OHI), single session full-mouth scaling and root planing (SRP) that will be performed by the same periodontist using Gracey curettes (Hu-Friedy, Chicago, IL, USA) and ultrasonic apparatus (Cavitron Select SPC, Dentsply professional, New York, USA) for all participants within a test group at baseline and after three months for patients in a control group because of ethical reasons. Therefore, no periodontal treatment will be performed during the follow-up period in control group.","primaryPurpose":"TREATMENT","maskingInfo":{"masking":"SINGLE","maskingDescription":"Statistical software (STATA 13.1, Stata Corp, Texas, USA) was used for random and equal stratification of the participants according to their mean values of IIEF, and this identify to which group the patients were enrolled, using 1:1 allocation ratio.","whoMasked":["PARTICIPANT"]}},"enrollmentInfo":{"count":140,"type":"ACTUAL"}},"armsInterventionsModule":{"armGroups":[{"label":"test group","type":"EXPERIMENTAL","description":"Non-surgical periodontal treatment consisted of oral hygiene instructions (OHI), single session full-mouth scaling and root planing (SRP)","interventionNames":["Procedure: Non surgical periodontal therapy"]},{"label":"control group","type":"NO_INTERVENTION","description":"no periodontal treatment was performed during the follow-up period in the control group."}],"interventions":[{"type":"PROCEDURE","name":"Non surgical periodontal therapy","description":"single session full-mouth scaling and root planing","armGroupLabels":["test group"]}]},"outcomesModule":{"primaryOutcomes":[{"measure":"changes in the severity of Erectile Dysfunction","description":"changes in the severity of Erectile Dysfunction diagnosed by International Index of Erectile Dysfunction between test and control groups. Subjects with scores \\> 25 were assessed as men with normal sexual function while those with scores ≤ 25 were diagnosed as patients with erectile dysfunction.severe with a score from 6 to 10, moderate (11-16) and mild (17-25)","timeFrame":"3 months"}],"secondaryOutcomes":[{"measure":"changes in mean values of TNF-α in serum.Quantitative assessment of TNF-α in serum was done by a commercially available kit (Ray Bio Human TNF-α Enzyme Immunoassay),and was expressed as pg/mL.","description":"changes between groups throughout the follow-up period in mean values of TNF-α level in serum .","timeFrame":"3 months"},{"measure":"changes in mean values of TNF-α in saliva","description":"changes between groups throughout the follow-up period in mean values of TNF-α level in saliva .Quantitative assessment of TNF-α in saliva and serum was done by a commercially available kit (Ray Bio Human TNF-α Enzyme Immunoassay). and was expressed as pg/mL.","timeFrame":"3 momths"},{"measure":"changes in mean values of Clinical attachment level","description":"changes between groups throughout the follow-up period in mean values of Clinical attachment level (distance from the base of the pocket to cement-enamel junction) which measured in milmiters using a manual probe (Hu-Friedy, Chicago, IL, USA).","timeFrame":"3 months"}]},"eligibilityModule":{"eligibilityCriteria":"Inclusion Criteria:\n\n* Age from 30 to 40 years\n* Diagnosis with chronic periodontitis using the classification system of (Armitage, 1999)19 for periodontal diseases\n* Presence of at least sixth permanent teeth excluding the third molars20\n* Clinical attachment level (CAL) and pocket depth (PD) ≥4 mm in more than 30% of sites19\n* Severe or moderate ED\n* Male patients\n* Married\n\nExclusion Criteria:\n\n* Alcoholism and smokers\n* Presence of any systemic disorders that may affect ED or periodontal health such as heart disease, diabetes mellitus, and hypertension18\n* Antimicrobial therapies in the last 6 months\n* Periodontal treatment in the last 6 months\n* Drug therapy that may cause ED as side effects such as atenolol and hydrochlorothiazide","healthyVolunteers":false,"sex":"MALE","minimumAge":"30 Years","maximumAge":"40 Years","stdAges":["ADULT"]}},"derivedSection":{"miscInfoModule":{"versionHolder":"2024-09-24"},"conditionBrowseModule":{"meshes":[{"id":"D000010518","term":"Periodontitis"},{"id":"D000007172","term":"Erectile Dysfunction"}],"ancestors":[{"id":"D000010510","term":"Periodontal Diseases"},{"id":"D000009059","term":"Mouth Diseases"},{"id":"D000009057","term":"Stomatognathic Diseases"},{"id":"D000005832","term":"Genital Diseases, Male"},{"id":"D000091662","term":"Genital Diseases"},{"id":"D000091642","term":"Urogenital Diseases"},{"id":"D000012735","term":"Sexual Dysfunction, Physiological"},{"id":"D000052801","term":"Male Urogenital Diseases"},{"id":"D000020018","term":"Sexual Dysfunctions, Psychological"},{"id":"D000001523","term":"Mental Disorders"}],"browseLeaves":[{"id":"M13427","name":"Periodontitis","asFound":"Periodontitis","relevance":"HIGH"},{"id":"M10217","name":"Erectile Dysfunction","asFound":"Erectile Dysfunction","relevance":"HIGH"},{"id":"M28044","name":"Chronic Periodontitis","relevance":"LOW"},{"id":"M13419","name":"Periodontal Diseases","relevance":"LOW"},{"id":"M12019","name":"Mouth Diseases","relevance":"LOW"},{"id":"M12017","name":"Stomatognathic Diseases","relevance":"LOW"},{"id":"M2876","name":"Genital Diseases","relevance":"LOW"},{"id":"M8944","name":"Genital Diseases, Male","relevance":"LOW"},{"id":"M2875","name":"Urogenital Diseases","relevance":"LOW"},{"id":"M15546","name":"Sexual Dysfunction, Physiological","relevance":"LOW"},{"id":"M27095","name":"Male Urogenital Diseases","relevance":"LOW"},{"id":"M21873","name":"Sexual Dysfunctions, Psychological","relevance":"LOW"},{"id":"M14473","name":"Psychotic Disorders","relevance":"LOW"},{"id":"M4815","name":"Mental Disorders","relevance":"LOW"},{"id":"T1303","name":"Chronic Graft Versus Host Disease","relevance":"LOW"}],"browseBranches":[{"abbrev":"BC07","name":"Mouth and Tooth Diseases"},{"abbrev":"All","name":"All Conditions"},{"abbrev":"BXS","name":"Urinary Tract, Sexual Organs, and Pregnancy Conditions"},{"abbrev":"BXM","name":"Behaviors and Mental Disorders"},{"abbrev":"BC23","name":"Symptoms and General Pathology"},{"abbrev":"Rare","name":"Rare Diseases"}]}},"hasResults":false}