{"protocolSection":{"identificationModule":{"nctId":"NCT00042536","orgStudyIdInfo":{"id":"020262"},"secondaryIdInfos":[{"id":"02-M-0262"}],"organization":{"fullName":"National Institutes of Health Clinical Center (CC)","class":"NIH"},"briefTitle":"Effects of Yohimbine and Naltrexone on Sexual Function","officialTitle":"Effects of Alpha-2 Adrenergic and Opiate Receptor Blockade on Sexual Function in Healthy Male Volunteers"},"statusModule":{"statusVerifiedDate":"2004-04","overallStatus":"COMPLETED","expandedAccessInfo":{"hasExpandedAccess":false},"startDateStruct":{"date":"2002-07"},"completionDateStruct":{"date":"2004-04"},"studyFirstSubmitDate":"2002-07-31","studyFirstSubmitQcDate":"2002-07-31","studyFirstPostDateStruct":{"date":"2002-08-01","type":"ESTIMATED"},"lastUpdateSubmitDate":"2008-03-03","lastUpdatePostDateStruct":{"date":"2008-03-04","type":"ESTIMATED"}},"sponsorCollaboratorsModule":{"leadSponsor":{"name":"National Institute of Mental Health (NIMH)","class":"NIH"}},"descriptionModule":{"briefSummary":"The purpose of this study is to evaluate the safety and effectiveness of the drugs yohimbine and naltrexone in treating men with erectile dysfunction (ED) (the inability to achieve or maintain penile erection for satisfactory sexual performance).\n\nED is a medical and psychological problem that is usually associated with increased age. Evidence suggests that specific neurotransmitter systems are involved in the regulation of sexual function. Yohimbine and naltrexone are drugs that may influence these neurotransmitter systems. This study will use different doses of yohimbine and fixed doses of naltrexone to determine their effectiveness in treating ED.\n\nParticipants in this study will be screened with a medical history, physical examination, blood and urine tests, and an electrocardiogram (ECG). The study will consist of three outpatient visists.","detailedDescription":"Erectile dysfunction (ED) is a relevant medical and psychological problem for males, and is usually associated with increased age. There is substantial evidence available suggesting that noadrenergic and opiate transmitter systems are involved in regulation of sexual function. The objective of the present study is to evaluate the effects and safety of a potential novel treatment combination for ED consisting of both, the alpha-adrenoreceptor antagonist yohimbine, and the opiate antagonist naltrexone. The study uses a three-phase, double-blind, placebo-controlled cross-over design. Healthy, male volunteers will participate. The effects of differing dosages of yohimbine (10 mg versus 20 mg) and a fixed dose of naltrexone (50 mg) on penile tumescene and rigidity, and sexual arousal are assessed in a placebo-controlled design. The anticipated risks of the study are considered minimal in relation to the importance of our increased knowledge about regulation of physiological and psychological aspects of regulation of sexual function and dysfunction. This novel treatment combination could be later also applied to patients with ED of different origin, e.g. organic, psychogenic, and mixed causes."},"conditionsModule":{"conditions":["Erectile Dysfunction"],"keywords":["Yohimbine","Naltrexone","Sexual Function","Erectile Dysfunction","Alpha-2 Adrenoreceptor","Opiate Receptor","Male Impotence","ED","Healthy Volunteer","HV","Normal Control"]},"designModule":{"studyType":"OBSERVATIONAL","enrollmentInfo":{"count":40}},"armsInterventionsModule":{"interventions":[{"type":"DRUG","name":"Naltrexone HCL/ Yohimbine HCL"}]},"eligibilityModule":{"eligibilityCriteria":"INCLUSION CRITERIA\n\nSubjects must be medically healthy and free of mental illness, take no medication, and must report no problems with their sexual function. They are required to be sexually active, including successful penetrative sexual intercourse acts.\n\nFor assessments of sexual function before and after the study subjects are required to complete a detailed daily diary recording their erectile activity for 7 days before the first study session, and for 7 days after completion of the study.\n\nEXCLUSION CRITERIA\n\nPersons having taken antidepressant or other medications likely to alter monoamine neurochemistry or cerebrovascular and cardiovascular function within 6 months prior to the study will be excluded.\n\nIndividuals will also be excluded if they have: a) evidence for an axis I psychiatric disorder (DSM-IV criteria), b) medical or neurological illnesses likely to affect physiology or anatomy, c) a history of drug (including BZDs) or alcohol abuse within 1 year or a lifetime history of alcohol or drug dependence (DSM IV criteria), d) smokers, e) diagnosis of a sexual disorder, f) criminal history.\n\nPersons must exhibit no or only moderate alcohol use. Persons with current or previous regular use ( more than 4 weeks) of BZDs and excessive use of alcohol (more than 8 ounces/day) in the past or presence are ineligible to participate, as such drug use confound the results.\n\nIndividuals beyond age 50 are excluded because subjects beyond age 50 have a far greater likelihood of showing subtile, albeit clinical irrelevant disturbances in erectile function.","healthyVolunteers":true,"sex":"MALE","stdAges":["CHILD","ADULT","OLDER_ADULT"]},"contactsLocationsModule":{"locations":[{"facility":"National Institute of Mental Health (NIMH)","city":"Bethesda","state":"Maryland","zip":"20892","country":"United States","geoPoint":{"lat":38.98067,"lon":-77.10026}}]},"referencesModule":{"references":[{"pmid":"8510302","type":"BACKGROUND","citation":"NIH Consensus Conference. Impotence. NIH Consensus Development Panel on Impotence. JAMA. 1993 Jul 7;270(1):83-90. No abstract available."},{"pmid":"8254833","type":"BACKGROUND","citation":"Feldman HA, Goldstein I, Hatzichristou DG, Krane RJ, McKinlay JB. Impotence and its medical and psychosocial correlates: results of the Massachusetts Male Aging Study. J Urol. 1994 Jan;151(1):54-61. doi: 10.1016/s0022-5347(17)34871-1."},{"pmid":"11306400","type":"BACKGROUND","citation":"Blanker MH, Bosch JL, Groeneveld FP, Bohnen AM, Prins A, Thomas S, Hop WC. Erectile and ejaculatory dysfunction in a community-based sample of men 50 to 78 years old: prevalence, concern, and relation to sexual activity. Urology. 2001 Apr;57(4):763-8. doi: 10.1016/s0090-4295(00)01091-8."}]}},"derivedSection":{"miscInfoModule":{"versionHolder":"2024-09-24"},"conditionBrowseModule":{"meshes":[{"id":"D000007172","term":"Erectile Dysfunction"}],"ancestors":[{"id":"D000005832","term":"Genital Diseases, Male"},{"id":"D000091662","term":"Genital Diseases"},{"id":"D000091642","term":"Urogenital Diseases"},{"id":"D000012735","term":"Sexual Dysfunction, Physiological"},{"id":"D000052801","term":"Male Urogenital Diseases"},{"id":"D000020018","term":"Sexual Dysfunctions, Psychological"},{"id":"D000001523","term":"Mental Disorders"}],"browseLeaves":[{"id":"M10217","name":"Erectile Dysfunction","asFound":"Erectile Dysfunction","relevance":"HIGH"},{"id":"M2876","name":"Genital Diseases","relevance":"LOW"},{"id":"M8944","name":"Genital Diseases, Male","relevance":"LOW"},{"id":"M2875","name":"Urogenital Diseases","relevance":"LOW"},{"id":"M15546","name":"Sexual Dysfunction, Physiological","relevance":"LOW"},{"id":"M27095","name":"Male Urogenital Diseases","relevance":"LOW"},{"id":"M21873","name":"Sexual Dysfunctions, Psychological","relevance":"LOW"},{"id":"M14473","name":"Psychotic Disorders","relevance":"LOW"},{"id":"M4815","name":"Mental Disorders","relevance":"LOW"}],"browseBranches":[{"abbrev":"BXS","name":"Urinary Tract, Sexual Organs, and Pregnancy Conditions"},{"abbrev":"BXM","name":"Behaviors and Mental Disorders"},{"abbrev":"All","name":"All Conditions"}]},"interventionBrowseModule":{"meshes":[{"id":"D000009271","term":"Naltrexone"},{"id":"D000015016","term":"Yohimbine"}],"ancestors":[{"id":"D000000427","term":"Alcohol Deterrents"},{"id":"D000009292","term":"Narcotic Antagonists"},{"id":"D000045505","term":"Physiological Effects of Drugs"},{"id":"D000018689","term":"Sensory System Agents"},{"id":"D000018373","term":"Peripheral Nervous System Agents"},{"id":"D000009184","term":"Mydriatics"},{"id":"D000001337","term":"Autonomic Agents"},{"id":"D000058669","term":"Adrenergic alpha-2 Receptor Antagonists"},{"id":"D000000317","term":"Adrenergic alpha-Antagonists"},{"id":"D000018674","term":"Adrenergic Antagonists"},{"id":"D000018663","term":"Adrenergic Agents"},{"id":"D000018377","term":"Neurotransmitter Agents"},{"id":"D000045504","term":"Molecular Mechanisms of Pharmacological Action"},{"id":"D000064804","term":"Urological Agents"}],"browseLeaves":[{"id":"M12222","name":"Naltrexone","asFound":"Lumbar","relevance":"HIGH"},{"id":"M27371","name":"Opiate Alkaloids","relevance":"LOW"},{"id":"M17752","name":"Yohimbine","asFound":"Musculature","relevance":"HIGH"},{"id":"M20746","name":"Adrenergic Agents","relevance":"LOW"},{"id":"M3777","name":"Ethanol","relevance":"LOW"},{"id":"M12245","name":"Narcotics","relevance":"LOW"},{"id":"M12243","name":"Narcotic Antagonists","relevance":"LOW"},{"id":"M12139","name":"Mydriatics","relevance":"LOW"},{"id":"M29195","name":"Adrenergic alpha-2 Receptor Antagonists","relevance":"LOW"},{"id":"M3669","name":"Adrenergic alpha-Antagonists","relevance":"LOW"},{"id":"M20755","name":"Adrenergic Antagonists","relevance":"LOW"},{"id":"M20504","name":"Neurotransmitter Agents","relevance":"LOW"},{"id":"T332","name":"Yohimbe","asFound":"Child Survival","relevance":"HIGH"}],"browseBranches":[{"abbrev":"AlcDet","name":"Alcohol Deterrents"},{"abbrev":"NarcAntag","name":"Narcotic Antagonists"},{"abbrev":"All","name":"All Drugs and Chemicals"},{"abbrev":"Analg","name":"Analgesics"},{"abbrev":"CNSDep","name":"Central Nervous System Depressants"},{"abbrev":"Urol","name":"Urological Agents"},{"abbrev":"Infe","name":"Anti-Infective Agents"},{"abbrev":"HB","name":"Herbal and Botanical"}]}},"hasResults":false}