{"protocolSection":{"identificationModule":{"nctId":"NCT03038659","orgStudyIdInfo":{"id":"2018"},"organization":{"fullName":"Adam International Hospital","class":"OTHER"},"briefTitle":"Role of Intima-media Thickness in Determining Arteriogenic Erectile Dysfunction","officialTitle":"Predictive Value of Measuring Intima-media Thickness of Cavernosal Artery in Diagnosis of Arteriogenic Erectile Dysfunction by Penile Duplex"},"statusModule":{"statusVerifiedDate":"2017-01","overallStatus":"COMPLETED","expandedAccessInfo":{"hasExpandedAccess":false},"startDateStruct":{"date":"2016-07-01","type":"ACTUAL"},"primaryCompletionDateStruct":{"date":"2017-01-01","type":"ACTUAL"},"completionDateStruct":{"date":"2017-01-29","type":"ACTUAL"},"studyFirstSubmitDate":"2017-01-29","studyFirstSubmitQcDate":"2017-01-31","studyFirstPostDateStruct":{"date":"2017-02-01","type":"ESTIMATED"},"lastUpdateSubmitDate":"2017-01-31","lastUpdatePostDateStruct":{"date":"2017-02-01","type":"ESTIMATED"}},"sponsorCollaboratorsModule":{"responsibleParty":{"type":"PRINCIPAL_INVESTIGATOR","investigatorFullName":"Ahmad Raef Sadek","investigatorTitle":"Dr. Ahmad Raef","investigatorAffiliation":"Adam International Hospital"},"leadSponsor":{"name":"Adam International Hospital","class":"OTHER"}},"oversightModule":{"oversightHasDmc":false,"isFdaRegulatedDrug":false,"isFdaRegulatedDevice":false},"descriptionModule":{"briefSummary":"Erectile dysfunction.","detailedDescription":"The intima media thickness is increasingly used as a surrogate end point of vascular outcomes in clinical trials aimed at determining the success of interventions that lower risk factors for atherosclerosis and associated diseases (stroke, myocardial infarction and peripheral artery diseases, like disease of cavernosal artery). The investigators hypothesized that the IMT of cavernosal artery would add to the predictive value of vasculogenic erectile dysfunction risk and outcomes. This study seeks to evaluate these hypotheses with our experience, investigating the predictive accuracy of Cavernosal Doppler ultrasound findings for discriminating patients with vasculogenic erectile dysfunction."},"conditionsModule":{"conditions":["Erectile Dysfunction"]},"designModule":{"studyType":"OBSERVATIONAL","patientRegistry":false,"designInfo":{"observationalModel":"CASE_CONTROL","timePerspective":"PROSPECTIVE"},"enrollmentInfo":{"count":70,"type":"ACTUAL"}},"armsInterventionsModule":{"armGroups":[{"label":"Penile Duplex","description":"Measuring intima media thickness","interventionNames":["Device: Penile Duplex"]}],"interventions":[{"type":"DEVICE","name":"Penile Duplex","description":"Measuring intima media thickness","armGroupLabels":["Penile Duplex"]}]},"outcomesModule":{"primaryOutcomes":[{"measure":"erectile dysfunction","description":"intima media thickness","timeFrame":"six months"}]},"eligibilityModule":{"eligibilityCriteria":"Inclusion Criteria:\n\n* Erectile dysfunction patients\n\nExclusion Criteria:\n\n* Penile trauma.","healthyVolunteers":true,"sex":"MALE","minimumAge":"18 Years","maximumAge":"50 Years","stdAges":["ADULT"],"studyPopulation":"Erectile dysfunction pateints","samplingMethod":"PROBABILITY_SAMPLE"},"ipdSharingStatementModule":{"ipdSharing":"NO","description":"Erectile dysfunction"}},"derivedSection":{"miscInfoModule":{"versionHolder":"2024-09-24"},"conditionBrowseModule":{"meshes":[{"id":"D000007172","term":"Erectile Dysfunction"}],"ancestors":[{"id":"D000005832","term":"Genital Diseases, Male"},{"id":"D000091662","term":"Genital Diseases"},{"id":"D000091642","term":"Urogenital Diseases"},{"id":"D000012735","term":"Sexual Dysfunction, Physiological"},{"id":"D000052801","term":"Male Urogenital Diseases"},{"id":"D000020018","term":"Sexual Dysfunctions, Psychological"},{"id":"D000001523","term":"Mental Disorders"}],"browseLeaves":[{"id":"M10217","name":"Erectile Dysfunction","asFound":"Erectile Dysfunction","relevance":"HIGH"},{"id":"M2876","name":"Genital Diseases","relevance":"LOW"},{"id":"M8944","name":"Genital Diseases, Male","relevance":"LOW"},{"id":"M2875","name":"Urogenital Diseases","relevance":"LOW"},{"id":"M15546","name":"Sexual Dysfunction, Physiological","relevance":"LOW"},{"id":"M27095","name":"Male Urogenital Diseases","relevance":"LOW"},{"id":"M21873","name":"Sexual Dysfunctions, Psychological","relevance":"LOW"},{"id":"M14473","name":"Psychotic Disorders","relevance":"LOW"},{"id":"M4815","name":"Mental Disorders","relevance":"LOW"}],"browseBranches":[{"abbrev":"BXS","name":"Urinary Tract, Sexual Organs, and Pregnancy Conditions"},{"abbrev":"BXM","name":"Behaviors and Mental Disorders"},{"abbrev":"All","name":"All Conditions"}]}},"hasResults":false}