{"protocolSection":{"identificationModule":{"nctId":"NCT02412345","orgStudyIdInfo":{"id":"41528915.5.0000.0068"},"secondaryIdInfos":[{"id":"964.653","type":"OTHER","domain":"number of the opinion of the committee of ethics and research"}],"organization":{"fullName":"University of Sao Paulo","class":"OTHER"},"briefTitle":"Extracorporeal Shockwave Therapy in the Treatment for Erectile Dysfunction in Male Renal Transplant Recipients","officialTitle":"Extracorporeal Shockwave Therapy in the Treatment for Erectile Dysfunction in Male Renal Transplant Recipients"},"statusModule":{"statusVerifiedDate":"2018-05","overallStatus":"COMPLETED","expandedAccessInfo":{"hasExpandedAccess":false},"startDateStruct":{"date":"2015-01"},"primaryCompletionDateStruct":{"date":"2018-05-01","type":"ACTUAL"},"completionDateStruct":{"date":"2018-05-01","type":"ACTUAL"},"studyFirstSubmitDate":"2015-03-15","studyFirstSubmitQcDate":"2015-04-05","studyFirstPostDateStruct":{"date":"2015-04-09","type":"ESTIMATED"},"lastUpdateSubmitDate":"2018-05-01","lastUpdatePostDateStruct":{"date":"2018-05-02","type":"ACTUAL"}},"sponsorCollaboratorsModule":{"responsibleParty":{"type":"PRINCIPAL_INVESTIGATOR","investigatorFullName":"Kleiton Gabriel Ribeiro Yamaçake","investigatorTitle":"MD","investigatorAffiliation":"University of Sao Paulo"},"leadSponsor":{"name":"University of Sao Paulo","class":"OTHER"}},"oversightModule":{"oversightHasDmc":true},"descriptionModule":{"briefSummary":"The primary objective of this study is to determine the impact of the shock wave application in renal transplant patients with diagnosis of erectile dysfunction. Secondary objectives are to assess the effects of therapy on quality of life and depression.\n\nIt is expected that with the study is defined the usefulness of the therapy and the dissemination of knowledge generated for change in clinical management in renal transplant patients with erectile dysfunction.","detailedDescription":"The Renal Transplant Unit, performs about 230 kidney transplants per year and has a screening service for registration of candidates for renal transplantation, interviewing about 70 patients a month. Since the potential and likely benefits of extracorporeal shock wave therapy in these patients as well as the anticipation of mild side effects, there is no reason for refusal to participate in the study.\n\nPatients who meet the inclusion criteria will be divided into 2 groups using a randomization table created by computer. Patients will be followed for 2 years.\n\nThe study procedure and monitoring will be performed on an outpatient basis.\n\nPatients are divided into a group of extracorporeal shockwave (ESWT) treatment and placebo in a ratio of 1: 1 using a table of random numbers generated by computer.\n\nThe ESWT protocol is protocol-based suggested by Vardi et al. 6. Patients will undergo a 2 treatment sessions per week for 3 weeks.\n\nThe penis is pulled manually, and shock waves are applied throughout the penile shaft (except the glans) and the crura bilaterally. The duration of each ESWT session will be approximately 10 minutes and 2000 shocks will be applied per session with an intensity of energy of 1 mJ / mm 2. The volume of penile tissue exposed to shock waves at each site will be cilyndric (diameter: 18 mm, height 100 mm). No local or systemic analgesia is required during the procedure.\n\nTo placebo therapy will be used the same device. The effective probe will be replaced by a similar one that emits zero energy during each treatment. Local application generates noise and a feeling of popping at the application site which will also be experienced by patients in the placebo group being impossible for the patient to discern which treatment group belongs.\n\nPenile ultrasound Doppler and drug erection will be performed before therapy and after treatment to evaluate the results.\n\nThe diameter of the cavernous arteries is measured before and after intracavernosal injection application 20 mcg alprostadil (Caverject ®). In addition, vascular disorders, or stenotic atheromatous lesions will be investigated. The systolic and diastolic velocities of the cavernous arteries are evaluated 5,10 and 15 minutes after drug injection.\n\nAfter obtaining the patient signed informed consent , will be included in the study. Laboratory tests will be held at the Hospital Laboratory.\n\nStudied variables\n\nThe following parameters will be studied during the initial evaluation and follow-up:\n\n1. Clinical\n\n   Quality of life questionnaire -WHO QOL (World Health Organization - Quality of Life) Sexual questionnaire IIEF (International Index of Erectile Function) Comorbidities such as hypertension, diabetes and cardiovascular disease Smoking\n2. Laboratory\n\n   Total testosterone, free testosterone, progesterone, albumin, SHBG, FSH, LH, prolactin, complete blood count, urea, creatinine, total cholesterol and fractions, triglycerides, T3, T4F and TSH.\n3. Imaging tests\n\nUltrasound Doppler penile before and 3 months after treatment.\n\n- Calculation sample\n\nTo define the sample size, the investigators must take into account: data variability (within each group) and the difference the investigators want to observe the parameters to be studied before and after treatment, beyond the level of significance and power of the test.\n\nThe investigators will assume that the data follow a normal distribution and will use the paired t-test methodology, considering that the same patients will be evaluated in both conditions.\n\nThe level of significance that work is 5%. Suitable power will be considered to be greater than 80%.\n\nThe investigators observe a difference to 5 points required amount of samples is very small, whereas only 3 patients t-test. for the non-parametric test we consider a sample of 4 patients."},"conditionsModule":{"conditions":["Erectile Dysfunction","Renal Transplant"],"keywords":["Erectile Dysfunction","Shockwave therapy","Renal Transplant","Male","Renal Transplant Recipients"]},"designModule":{"studyType":"INTERVENTIONAL","phases":["NA"],"designInfo":{"allocation":"RANDOMIZED","interventionModel":"PARALLEL","primaryPurpose":"TREATMENT","maskingInfo":{"masking":"TRIPLE","whoMasked":["PARTICIPANT","INVESTIGATOR","OUTCOMES_ASSESSOR"]}},"enrollmentInfo":{"count":20,"type":"ACTUAL"}},"armsInterventionsModule":{"armGroups":[{"label":"Extracorporeal Shockwave therapy","type":"EXPERIMENTAL","description":"Extracorporeal shockwave therapy at the penis. 6 sessions.","interventionNames":["Procedure: Extracorporeal shockwave therapy","Other: Penile ultrasound Doppler with intracavernosal injection application 20 mcg alprostadil"]},{"label":"Sham treatment","type":"SHAM_COMPARATOR","description":"Extracorporal shockwave therapy with a placebo probe. 6 sessions","interventionNames":["Procedure: Extracorporeal shockwave therapy - sham treatment","Other: Penile ultrasound Doppler with intracavernosal injection application 20 mcg alprostadil"]}],"interventions":[{"type":"PROCEDURE","name":"Extracorporeal shockwave therapy","armGroupLabels":["Extracorporeal Shockwave therapy"]},{"type":"PROCEDURE","name":"Extracorporeal shockwave therapy - sham treatment","description":"A probe similar to the treatment group will be used. The noise and appearance is similar. The probe emits zero energy during each treatment. Local application generates noise and a feeling of popping at the application site which will also be experienced by patients in the placebo group being impossible for the patient to discern which treatment group belongs.","armGroupLabels":["Sham treatment"]},{"type":"OTHER","name":"Penile ultrasound Doppler with intracavernosal injection application 20 mcg alprostadil","description":"Diagnostic test will be performed before treatment and after 3 to 4 months after therapy.","armGroupLabels":["Extracorporeal Shockwave therapy","Sham treatment"]}]},"outcomesModule":{"primaryOutcomes":[{"measure":"Changing in International Index of Erectile Function (IIEF-5) from baseline","timeFrame":"1 month, 3 months, 6 months, 1 year, 2 years"},{"measure":"Changing in Erection Hardness score from baseline","timeFrame":"1 month, 3 months, 6 months, 1 year, 2 years"},{"measure":"Changing in The World Health Organization Quality of Life (WHOQOL) from baseline","timeFrame":"1 month, 3 months, 6 months, 1 year, 2 years"},{"measure":"Changing in Peak systolic velocity by Penile doppler ultrasonography","timeFrame":"baseline ( previous to treatment) and 3 months after treatment"}]},"eligibilityModule":{"eligibilityCriteria":"Inclusion Criteria:\n\n* Male patients between 40 and 70 years\n* Kidney transplant for at least 6 months\n* Erectile dysfunction (ED) for at least 6 months.\n* Patients with IIEF score \\<21\n* Functioning kidney graft.\n\nExclusion Criteria:\n\n* ED because of known endocrine disease (e.g., hypogonadism, hypothyroidism)\n* ED due to drug treatment (androgen deprivation therapy, for example)\n* ED due to neurological disease (spinal cord injury, for example)\n* ED due to structural abnormality of the penis\n* History of radical prostatectomy or other pelvic surgery\n* History of pelvic irradiation\n* penile implant\n* coagulopathies or on anticoagulants","healthyVolunteers":false,"sex":"MALE","minimumAge":"40 Years","maximumAge":"70 Years","stdAges":["ADULT","OLDER_ADULT"]},"contactsLocationsModule":{"locations":[{"facility":"Kleiton Gabriel Ribeiro Yamaçake","city":"Sao Paulo","zip":"05403000","country":"Brazil","geoPoint":{"lat":-23.5475,"lon":-46.63611}}]},"referencesModule":{"references":[{"pmid":"20451317","type":"BACKGROUND","citation":"Vardi Y, Appel B, Jacob G, Massarwi O, Gruenwald I. Can low-intensity extracorporeal shockwave therapy improve erectile function? A 6-month follow-up pilot study in patients with organic erectile dysfunction. Eur Urol. 2010 Aug;58(2):243-8. doi: 10.1016/j.eururo.2010.04.004. Epub 2010 May 6."},{"pmid":"24942563","type":"BACKGROUND","citation":"Yee CH, Chan ES, Hou SS, Ng CF. Extracorporeal shockwave therapy in the treatment of erectile dysfunction: a prospective, randomized, double-blinded, placebo controlled study. Int J Urol. 2014 Oct;21(10):1041-5. doi: 10.1111/iju.12506. Epub 2014 Jun 17."},{"pmid":"23698784","type":"BACKGROUND","citation":"Liu J, Zhou F, Li GY, Wang L, Li HX, Bai GY, Guan RL, Xu YD, Gao ZZ, Tian WJ, Xin ZC. Evaluation of the effect of different doses of low energy shock wave therapy on the erectile function of streptozotocin (STZ)-induced diabetic rats. Int J Mol Sci. 2013 May 21;14(5):10661-73. doi: 10.3390/ijms140510661."}]}},"derivedSection":{"miscInfoModule":{"versionHolder":"2024-09-24"},"conditionBrowseModule":{"meshes":[{"id":"D000007172","term":"Erectile Dysfunction"}],"ancestors":[{"id":"D000005832","term":"Genital Diseases, Male"},{"id":"D000091662","term":"Genital Diseases"},{"id":"D000091642","term":"Urogenital Diseases"},{"id":"D000012735","term":"Sexual Dysfunction, Physiological"},{"id":"D000052801","term":"Male Urogenital Diseases"},{"id":"D000020018","term":"Sexual Dysfunctions, Psychological"},{"id":"D000001523","term":"Mental Disorders"}],"browseLeaves":[{"id":"M10217","name":"Erectile Dysfunction","asFound":"Erectile Dysfunction","relevance":"HIGH"},{"id":"M2876","name":"Genital Diseases","relevance":"LOW"},{"id":"M8944","name":"Genital Diseases, Male","relevance":"LOW"},{"id":"M2875","name":"Urogenital Diseases","relevance":"LOW"},{"id":"M15546","name":"Sexual Dysfunction, Physiological","relevance":"LOW"},{"id":"M27095","name":"Male Urogenital Diseases","relevance":"LOW"},{"id":"M21873","name":"Sexual Dysfunctions, Psychological","relevance":"LOW"},{"id":"M14473","name":"Psychotic Disorders","relevance":"LOW"},{"id":"M4815","name":"Mental Disorders","relevance":"LOW"}],"browseBranches":[{"abbrev":"BXS","name":"Urinary Tract, Sexual Organs, and Pregnancy Conditions"},{"abbrev":"BXM","name":"Behaviors and Mental Disorders"},{"abbrev":"All","name":"All Conditions"}]},"interventionBrowseModule":{"meshes":[{"id":"D000000527","term":"Alprostadil"}],"ancestors":[{"id":"D000010975","term":"Platelet Aggregation Inhibitors"},{"id":"D000014665","term":"Vasodilator Agents"},{"id":"D000064804","term":"Urological Agents"}],"browseLeaves":[{"id":"M3868","name":"Alprostadil","asFound":"Dim","relevance":"HIGH"},{"id":"M13865","name":"Platelet Aggregation Inhibitors","relevance":"LOW"},{"id":"M17412","name":"Vasodilator Agents","relevance":"LOW"}],"browseBranches":[{"abbrev":"VaDiAg","name":"Vasodilator Agents"},{"abbrev":"PlAggInh","name":"Platelet Aggregation Inhibitors"},{"abbrev":"Urol","name":"Urological Agents"},{"abbrev":"All","name":"All Drugs and Chemicals"}]}},"hasResults":false}