{"protocolSection":{"identificationModule":{"nctId":"NCT03973021","orgStudyIdInfo":{"id":"VSEL-ED"},"organization":{"fullName":"Fuda Cancer Hospital, Guangzhou","class":"OTHER"},"briefTitle":"Very Small Embryonic-like Stem Cells for Erectile Dysfunction","officialTitle":"Autologous Very Small Embryonic-like Stem Cells(VSELs) for Organic Erectile Dysfunction"},"statusModule":{"statusVerifiedDate":"2019-05","overallStatus":"WITHDRAWN","whyStopped":"Policy changes have contributed to the failure to carry out smoothly","expandedAccessInfo":{"hasExpandedAccess":false},"startDateStruct":{"date":"2019-07-01","type":"ACTUAL"},"primaryCompletionDateStruct":{"date":"2020-05-20","type":"ACTUAL"},"completionDateStruct":{"date":"2020-07-01","type":"ACTUAL"},"studyFirstSubmitDate":"2019-05-29","studyFirstSubmitQcDate":"2019-05-31","studyFirstPostDateStruct":{"date":"2019-06-04","type":"ACTUAL"},"lastUpdateSubmitDate":"2020-10-13","lastUpdatePostDateStruct":{"date":"2020-10-19","type":"ACTUAL"}},"sponsorCollaboratorsModule":{"responsibleParty":{"type":"SPONSOR"},"leadSponsor":{"name":"Fuda Cancer Hospital, Guangzhou","class":"OTHER"},"collaborators":[{"name":"Guangzhou Four-Leaf Clover HealthTech Co., Ltd.","class":"INDUSTRY"}]},"oversightModule":{"oversightHasDmc":true,"isFdaRegulatedDrug":false,"isFdaRegulatedDevice":false},"descriptionModule":{"briefSummary":"The aim of this study is the safety and efficacy of autologous very small embryonic-like stem cells(VSELs) to organic erectile dysfunction, such as those associated with metabolic syndrome or the treatment of prostate cancer.","detailedDescription":"By enrolling patients with organic erectile dysfunction adapted to enrolled criteria, this study will document for the first time the safety and efficacy of underlying penile cellular damage.\n\nThe safety will be evaluated by tolerance degree. The efficacy will be evaluated validated scores and color duplex Doppler ultrasound."},"conditionsModule":{"conditions":["Organic Erectile Dysfunction"],"keywords":["erectile dysfunction","very small embryonic-like stem cell"]},"designModule":{"studyType":"INTERVENTIONAL","phases":["PHASE1","PHASE2"],"designInfo":{"allocation":"RANDOMIZED","interventionModel":"PARALLEL","interventionModelDescription":"In this group, the patients will receive intracavernous injection of autologous VSELs. The check indexes are International Index of Erectile Function 5(IIEF-5), Erection Hardness Score(EHS) and penile vascularization assessed using color duplex Doppler ultrasound (CDDU), mainly including erectile function, stretched penile length, sexual drive, intercourse satisfaction, and overall satisfaction.","primaryPurpose":"TREATMENT","maskingInfo":{"masking":"SINGLE","maskingDescription":"Different patients receive different numbers of cell for treatment per time","whoMasked":["INVESTIGATOR"]}},"enrollmentInfo":{"count":0,"type":"ACTUAL"}},"armsInterventionsModule":{"armGroups":[{"label":"VSEL Max","type":"EXPERIMENTAL","description":"Each treatment: 120,000 VSELs each time, suspending with 20 mL platelet-rich plasma(PRP), transfusion for 3 times with a interval of 1 month, intracavernous injection","interventionNames":["Biological: Very small embryonic-like stem cell(VSEL)"]},{"label":"VSEL Medium","type":"EXPERIMENTAL","description":"Each treatment: 90,000 VSELs each time, suspending with 20 mL platelet-rich plasma(PRP), transfusion for 3 times with a interval of 1 month, intracavernous injection","interventionNames":["Biological: Very small embryonic-like stem cell(VSEL)"]},{"label":"VSEL Mini","type":"EXPERIMENTAL","description":"Each treatment: 60,000 VSELs each time, suspending with 20 mL platelet-rich plasma(PRP), transfusion for 3 times with a interval of 1 month, intracavernous injection","interventionNames":["Biological: Very small embryonic-like stem cell(VSEL)"]},{"label":"Control","type":"NO_INTERVENTION","description":"In this group, the patients will receive 20 mL platelet-rich plasma(PRP) treatment and as a control group."}],"interventions":[{"type":"BIOLOGICAL","name":"Very small embryonic-like stem cell(VSEL)","description":"Mononuclear cells were collected from peripheral blood of each patient using a machine, VSELs were isolated, and each group was injected according to different numbers after activation","armGroupLabels":["VSEL Max","VSEL Medium","VSEL Mini"]}]},"outcomesModule":{"primaryOutcomes":[{"measure":"Tolerance","description":"Evaluation indicators include postoperative pain at the injection site (VAS score), hematoma, abscess, or priapism","timeFrame":"1-4 weeks after each injection"}],"secondaryOutcomes":[{"measure":"Short-term effects on erectile function","description":"Assessment using International Index of Erectile Function 5, which is physicians global assessment to measure erectile function","timeFrame":"3-6 months after each injection"},{"measure":"Long-term effects on erectile function","description":"Assessment using International Index of Erectile Function 5, which is physicians global assessment to measure erectile function","timeFrame":"12 months after final injection"}]},"eligibilityModule":{"eligibilityCriteria":"Inclusion Criteria:\n\n* Metabolic and systemic changes in diseases such as diabetes and atherosclerosis or more localized causes such as direct injury to the penile neurovascular supply during prostate surgery\n* Diagnosed as an organic erectile dysfunction by at least 2 urological surgeons\n\nExclusion Criteria:\n\n* Non-organic erectile dysfunction, such as psychological factors\n* Solid cancer patients other than early prostate cancer\n* Blood disease patients, thrombocytopenia or dysfunction, hypofibrinogenemia or anticoagulant therapy, long-term use of aspirin\n* Older than 70 years","healthyVolunteers":false,"sex":"MALE","genderBased":true,"minimumAge":"20 Years","maximumAge":"70 Years","stdAges":["ADULT","OLDER_ADULT"]},"contactsLocationsModule":{"locations":[{"facility":"Central laboratory in Fuda cancer hospital","city":"Guangzhou","state":"Guangdong","zip":"510000","country":"China","geoPoint":{"lat":23.11667,"lon":113.25}}]},"ipdSharingStatementModule":{"ipdSharing":"NO"}},"derivedSection":{"miscInfoModule":{"versionHolder":"2024-09-24"},"conditionBrowseModule":{"meshes":[{"id":"D000007172","term":"Erectile Dysfunction"}],"ancestors":[{"id":"D000005832","term":"Genital Diseases, Male"},{"id":"D000091662","term":"Genital Diseases"},{"id":"D000091642","term":"Urogenital Diseases"},{"id":"D000012735","term":"Sexual Dysfunction, Physiological"},{"id":"D000052801","term":"Male Urogenital Diseases"},{"id":"D000020018","term":"Sexual Dysfunctions, Psychological"},{"id":"D000001523","term":"Mental Disorders"}],"browseLeaves":[{"id":"M10217","name":"Erectile Dysfunction","asFound":"Erectile Dysfunction","relevance":"HIGH"},{"id":"M2876","name":"Genital Diseases","relevance":"LOW"},{"id":"M8944","name":"Genital Diseases, Male","relevance":"LOW"},{"id":"M2875","name":"Urogenital Diseases","relevance":"LOW"},{"id":"M15546","name":"Sexual Dysfunction, Physiological","relevance":"LOW"},{"id":"M27095","name":"Male Urogenital Diseases","relevance":"LOW"},{"id":"M21873","name":"Sexual Dysfunctions, Psychological","relevance":"LOW"},{"id":"M14473","name":"Psychotic Disorders","relevance":"LOW"},{"id":"M4815","name":"Mental Disorders","relevance":"LOW"}],"browseBranches":[{"abbrev":"BXS","name":"Urinary Tract, Sexual Organs, and Pregnancy Conditions"},{"abbrev":"BXM","name":"Behaviors and Mental Disorders"},{"abbrev":"All","name":"All Conditions"}]}},"hasResults":false}