{"protocolSection":{"identificationModule":{"nctId":"NCT05285280","orgStudyIdInfo":{"id":"EDcard"},"organization":{"fullName":"Herlev and Gentofte Hospital","class":"OTHER"},"briefTitle":"Echocardiography in Men With Erectile Dysfunction","officialTitle":"Prevalence and Risk Factors Associated With Cardiovascular Comorbidity in Men With Erectile Dysfunction"},"statusModule":{"statusVerifiedDate":"2024-01","overallStatus":"ACTIVE_NOT_RECRUITING","expandedAccessInfo":{"hasExpandedAccess":false},"startDateStruct":{"date":"2022-03-01","type":"ACTUAL"},"primaryCompletionDateStruct":{"date":"2024-01-05","type":"ACTUAL"},"completionDateStruct":{"date":"2032-03-01","type":"ESTIMATED"},"studyFirstSubmitDate":"2022-02-02","studyFirstSubmitQcDate":"2022-03-15","studyFirstPostDateStruct":{"date":"2022-03-17","type":"ACTUAL"},"lastUpdateSubmitDate":"2024-01-12","lastUpdatePostDateStruct":{"date":"2024-01-16","type":"ACTUAL"}},"sponsorCollaboratorsModule":{"responsibleParty":{"type":"PRINCIPAL_INVESTIGATOR","investigatorFullName":"Emil Durukan","investigatorTitle":"Principal Investigator","investigatorAffiliation":"Herlev and Gentofte Hospital"},"leadSponsor":{"name":"Herlev and Gentofte Hospital","class":"OTHER"}},"oversightModule":{"oversightHasDmc":true,"isFdaRegulatedDrug":false,"isFdaRegulatedDevice":false},"descriptionModule":{"briefSummary":"Cardiovascular disease is the leading cause of morbidity and mortality in the world. To curb disease development, there is, therefore, a need to identify more people at increased risk. This can be done by advanced echocardiography, where the exact contraction pattern and dimensions of the heart are measured.\n\nOne group of patients who are already considered to be at increased risk for later development of heart disease are men with erectile dysfunction.\n\nThe investigators goal is to study the early detection of cardiac dysfunction in men with erectile dysfunction using both conventional and advanced echocardiography to analyze the possibility of preventing serious cardiovascular disease.","detailedDescription":"Cardiovascular disease is the leading cause of morbidity and mortality across the globe. About 524,000 Danes live with cardiovascular disease and it affects approx. 56,400 people. In addition, many people live with heart problems without knowing it. These figures emphasize the importance of early identification of more people at increased risk of developing cardiovascular disease to prevent morbidity and mortality.\n\nThis can be done using advanced echocardiography, where the heart's precise contraction pattern, as well as structure and dimensions, are measured. One group of patients who are already considered to be at increased risk for later development of cardiovascular disease are men with erectile dysfunction (ED). ED is defined as the persistent inability to achieve or maintain an erection sufficient for satisfactory sexual performance. Approximately 30% of men over the age of 40 are affected by ED, and the incidence increases with age. ED is thought to be a precursor to cardiovascular disease, where it has been proven that after the onset of erection problems, over 3-5 years, there is an approximately 50% increased risk of cardiovascular disease.\n\nThe investigators hypothesize that cardiac structure and function assessed by conventional and advanced echocardiography together with cardiac biomarkers are abnormal in patients diagnosed with erectile dysfunction and can identify patients at high risk for cardiovascular complications. Echocardiography can serve as an important tool in risk assessment in these men who do not necessarily have symptom-causing problems."},"conditionsModule":{"conditions":["Erectile Dysfunction","Cardiovascular Diseases","Cardiac Disease"],"keywords":["Echocardiography","3D Echocardiography","Strain Rate Imaging","Tissue Doppler","Speckle Tracking"]},"designModule":{"studyType":"OBSERVATIONAL","patientRegistry":true,"targetDuration":"10 Years","designInfo":{"observationalModel":"COHORT","timePerspective":"PROSPECTIVE"},"bioSpec":{"retention":"SAMPLES_WITH_DNA","description":"Whole blood"},"enrollmentInfo":{"count":386,"type":"ACTUAL"}},"armsInterventionsModule":{"interventions":[{"type":"DIAGNOSTIC_TEST","name":"Echocardiography","description":"The echocardiography will be performed with a GE Vingmed Ultrasoundís Vivid9 (Horten, Norway). All subjects are examined with color TDI, 2-dimensional and M-mode echocardiography, conventional spectral Doppler, 2DSTE, and where possible 4D Echocardiography in the left lateral decubitus position."}]},"outcomesModule":{"primaryOutcomes":[{"measure":"Number of reported cardiac arrest through medical records","timeFrame":"1 year"},{"measure":"Number of reported cardiac arrest through medical records","timeFrame":"5 years"},{"measure":"Number of reported cardiac arrest through medical records","timeFrame":"10 years"},{"measure":"Number of reported hospital admission with heart failure through medical records","timeFrame":"1 year"},{"measure":"Number of reported hospital admission with heart failure through medical records","timeFrame":"5 years"},{"measure":"Number of reported hospital admission with heart failure through medical records","timeFrame":"10 years"},{"measure":"Number of reported peripheral artery disease through medical records","description":"Registration of: Cholesterol levels, blood pressure, claudication and ankle brachial index (ABI).","timeFrame":"1 year"},{"measure":"Number of reported peripheral artery disease through medical records","description":"Registration of: Cholesterol levels, blood pressure, claudication and ankle brachial index (ABI).","timeFrame":"5 years"},{"measure":"Number of reported peripheral artery disease through medical records","description":"Registration of: Cholesterol levels, blood pressure, claudication and ankle brachial index (ABI).","timeFrame":"10 years"},{"measure":"Number of reported coronary heart disease through medical records","description":"Registration of: Coronary angiography","timeFrame":"1 year"},{"measure":"Number of reported coronary heart disease through medical records","description":"Registration of: Coronary angiography","timeFrame":"5 years"},{"measure":"Number of reported coronary heart disease through medical records","description":"Registration of: Coronary angiography","timeFrame":"10 years"},{"measure":"Number of reported hospital admission with acute myocardial infarction through medical records","timeFrame":"1 year"},{"measure":"Number of reported hospital admission with acute myocardial infarction through medical records","timeFrame":"5 years"},{"measure":"Number of reported hospital admission with acute myocardial infarction through medical records","timeFrame":"10 years"},{"measure":"Number of reported angina pectoris through medical records","timeFrame":"1 year"},{"measure":"Number of reported angina pectoris through medical records","timeFrame":"5 years"},{"measure":"Number of reported angina pectoris through medical records","timeFrame":"10 years"},{"measure":"Number of reported ischemic heart disease through medical records","timeFrame":"1 year"},{"measure":"Number of reported ischemic heart disease through medical records","timeFrame":"5 years"},{"measure":"Number of reported ischemic heart disease through medical records","timeFrame":"10 years"}],"secondaryOutcomes":[{"measure":"Number of reported all cause mortality","timeFrame":"1 year"},{"measure":"Number of reported all cause mortality","timeFrame":"5 years"},{"measure":"Number of reported all cause mortality","timeFrame":"10 years"}]},"eligibilityModule":{"eligibilityCriteria":"Inclusion Criteria:\n\n* Men above 40 years old diagnosed with ED will be eligible to participate if none of the exclusion criteria below are present.\n\nExclusion Criteria:\n\n* Patients not able to cooperate\n* Patients unable to understand and sign \"informed consent\"\n* Previous pelvic surgery (including prostatectomy, cystectomy and rectal surgery)\n* Neurological diseases (e.g. multiple sclerosis, spinal cord injury)\n* ED following pelvic trauma","healthyVolunteers":false,"sex":"MALE","minimumAge":"40 Years","stdAges":["ADULT","OLDER_ADULT"],"studyPopulation":"Patients will be invited from the Urology outpatient clinic at Gentofte Hospital.","samplingMethod":"PROBABILITY_SAMPLE"},"contactsLocationsModule":{"locations":[{"facility":"Urological Research Unit","city":"Herlev","state":"Hovedstaden","zip":"2730","country":"Denmark","geoPoint":{"lat":55.72366,"lon":12.43998}}]},"ipdSharingStatementModule":{"ipdSharing":"NO"}},"derivedSection":{"miscInfoModule":{"versionHolder":"2024-09-24"},"conditionBrowseModule":{"meshes":[{"id":"D000007172","term":"Erectile Dysfunction"},{"id":"D000002318","term":"Cardiovascular Diseases"},{"id":"D000006331","term":"Heart Diseases"}],"ancestors":[{"id":"D000005832","term":"Genital Diseases, Male"},{"id":"D000091662","term":"Genital Diseases"},{"id":"D000091642","term":"Urogenital Diseases"},{"id":"D000012735","term":"Sexual Dysfunction, Physiological"},{"id":"D000052801","term":"Male Urogenital Diseases"},{"id":"D000020018","term":"Sexual Dysfunctions, Psychological"},{"id":"D000001523","term":"Mental Disorders"}],"browseLeaves":[{"id":"M9419","name":"Heart Diseases","asFound":"Cardiac Disease","relevance":"HIGH"},{"id":"M10217","name":"Erectile Dysfunction","asFound":"Erectile Dysfunction","relevance":"HIGH"},{"id":"M2876","name":"Genital Diseases","relevance":"LOW"},{"id":"M8944","name":"Genital Diseases, Male","relevance":"LOW"},{"id":"M2875","name":"Urogenital Diseases","relevance":"LOW"},{"id":"M15546","name":"Sexual Dysfunction, Physiological","relevance":"LOW"},{"id":"M27095","name":"Male Urogenital Diseases","relevance":"LOW"},{"id":"M21873","name":"Sexual Dysfunctions, Psychological","relevance":"LOW"},{"id":"M14473","name":"Psychotic Disorders","relevance":"LOW"},{"id":"M4815","name":"Mental Disorders","relevance":"LOW"}],"browseBranches":[{"abbrev":"BC14","name":"Heart and Blood Diseases"},{"abbrev":"All","name":"All Conditions"},{"abbrev":"BXS","name":"Urinary Tract, Sexual Organs, and Pregnancy Conditions"},{"abbrev":"BXM","name":"Behaviors and Mental Disorders"}]}},"hasResults":false}