{"protocolSection":{"identificationModule":{"nctId":"NCT03986359","orgStudyIdInfo":{"id":"T-NTUH-57401"},"organization":{"fullName":"National Taiwan University","class":"OTHER"},"briefTitle":"Treatment of Erectile Dysfunction With Low-intensity Extracorporeal Shockwave Therapy","officialTitle":"Treatment of Erectile Dysfunction With Low-intensity Extracorporeal Shockwave Therapy: A Prospective, Randomized, Single-blind, Cross-over Study"},"statusModule":{"statusVerifiedDate":"2019-08","overallStatus":"UNKNOWN","lastKnownStatus":"ENROLLING_BY_INVITATION","expandedAccessInfo":{"hasExpandedAccess":false},"startDateStruct":{"date":"2019-09-01","type":"ESTIMATED"},"primaryCompletionDateStruct":{"date":"2020-02-28","type":"ESTIMATED"},"completionDateStruct":{"date":"2020-04-30","type":"ESTIMATED"},"studyFirstSubmitDate":"2019-06-11","studyFirstSubmitQcDate":"2019-06-13","studyFirstPostDateStruct":{"date":"2019-06-14","type":"ACTUAL"},"lastUpdateSubmitDate":"2019-08-21","lastUpdatePostDateStruct":{"date":"2019-08-22","type":"ACTUAL"}},"sponsorCollaboratorsModule":{"responsibleParty":{"type":"PRINCIPAL_INVESTIGATOR","investigatorFullName":"Fu-Shun Hsu","investigatorTitle":"Principal Investigator","investigatorAffiliation":"National Taiwan University"},"leadSponsor":{"name":"National Taiwan University","class":"OTHER"}},"oversightModule":{"oversightHasDmc":false,"isFdaRegulatedDrug":false,"isFdaRegulatedDevice":false},"descriptionModule":{"briefSummary":"This study is a prospective, randomized, single-blinded, cross-over trial to investigate the efficacy of low-intensity extracorporeal shockwave therapy in the treatment of erectile dysfunction (ED). We will enroll 60 subjects (International Index of Erectile Function Questionnaires, 5 ≦ IIEF-5 ≦ 21). 30 subjects receive ESWT (LM-IASO, Litemed Co., Taiwan) for 6 courses in 3 weeks (0.05mJ/mm2, 3000 pulses) and 30 subjects receive Sham therapy for 3 weeks (the machine turning on but the energy is zero). After 3 weeks, the two groups are cross over. The primary outcome is the 4th week change from baseline for IIEF-5 score. Secondary outcomes are the 8th week change from baseline for IIEF-5 score, EHS, QoL; AEs. The between-group relationships of baseline and 4-week data were evaluated by using the Student's t-test or Mann-Whitney U-test where appropriate. Multiple linear regression was carried out to test the variables associated with treatment outcome. P-values \\< 0.05 were considered statistically significant.","detailedDescription":"Low-intensity extracorporeal shockwave therapy (LI-ESWT) was proved to be useful in various medical conditions; for example, neovascularization in myocardial ischemia, nonhealing wounds, ED and chronic pelvic pain syndrome.\n\nThe use of LI-ESWT has been increasingly proposed as a treatment for ED over the last decade. Overall, most of these studies reported encouraging results, regardless of variation in LI-ESWT set-up parameters or treatment protocols. As a whole these studies suggest that LI-ESWT could significantly improve the IIEF-5 and Erection Hardness Score of mild ED patients. However, no randomized control trial with cross-over designed studies so far.\n\nThis is a prospective, randomized, single-blind, cross-over clinical study. This study will be performed in outpatient setting of NTUH. Written informed consent will be given by all participants before entering the study. The subjects are treated at the therapy room of the department of urology, NTUH. All subjects would not pay any cost for this treatment/study. This study was approved by the institutional review board at National Taiwan University Hospital (NTUH, No. T-NTUH-57401).\n\nInclusion criteria: were patient age 20 \\~ 70 year-old man, suffering from ED for over 6 months, and 5 ≦ IIEF-5 ≦ 21. The written informed consent forms from all subjects who met the inclusion criteria were obtained.\n\nExclusion criteria: Patients with penile implant, prior radical prostatectomy, rectal surgery, radiation therapy to the pelvic area, spinal cord injury, prostate cancer, bladder cancer, interstitial cystitis, or major depression were excluded. Patient ever received low intensity shockwave or who does not have sex intercourse in recent six months will be excluded.\n\nMeasurement of outcomes\n\nPrimary outcome: the 4th week and the 8th week change from baseline for IIEF-5 score change from baseline for IIEF-5 score.\n\nSecondary outcomes: Penile Doppler Ultrasound (PDU) at 4th and 8th week , EHS, QoL; AEs\n\nMethodology All patients diagnosed of erectile dysfunction will receive blood sampling of serum testosterone and lipid profile at the beginning of the study. All patients were treated at out-patient clinic. 30 subjects receive LI-ESWT (LM-IASO, Litemed Co., Taiwan) for 6 courses in 3 weeks (0.05mJ/mm2, 3000 pulses) and 30 subjects receive Sham therapy for 3 weeks (the machine turning on but the energy is zero). LI-ESWT is delivered by a probe that was attached to a electrohydraulic unit with a wide-focused shockwave source. The penis is manually stretched, and shockwaves are delivered to the whole penis shaft and penis base. The duration of each ESWT session is about 30 minutes, and comprised 3000 pulses (0.05mJ/mm2), and a frequency of 100/min.\n\nSafety Considerations The peri- and post-treatment adverse events (AEs), including local pain, edema or hematoma were recorded and compared. With consideration of safety issue, any moderate/severe local pain or hematoma would be immediately reported and well inspected.\n\nFollow-up The following parameters are assessed before treatment and weekly during the treatment: IIEF-5 score, EHS, QoL; AEs."},"conditionsModule":{"conditions":["Erectile Dysfunction Following Radiation Therapy"],"keywords":["low-intensity extracorporeal shockwave therapy","Erectile Dysfunction"]},"designModule":{"studyType":"INTERVENTIONAL","phases":["NA"],"designInfo":{"allocation":"RANDOMIZED","interventionModel":"CROSSOVER","interventionModelDescription":"We prospectively assessed the clinical outcome of LI-ESWT for the treatment of ED of organic origin. This study was approved by the institutional review board at National Taiwan University Hospital (NTUH, No. T-NTUH-57401).","primaryPurpose":"TREATMENT","maskingInfo":{"masking":"SINGLE","maskingDescription":"While subjects receive Sham therapy, the machine turning on but the energy is zero.","whoMasked":["PARTICIPANT"]}},"enrollmentInfo":{"count":60,"type":"ESTIMATED"}},"armsInterventionsModule":{"armGroups":[{"label":"1","type":"EXPERIMENTAL","description":"30 subjects receive ESWT (LM-IASO, Litemed Co., Taiwan) for 6 courses in 3 weeks (0.05mJ/mm2, 3000 pulses). Thereafter, the two groups are cross over.","interventionNames":["Device: low energy extracorporeal shockwave therapy"]},{"label":"2","type":"SHAM_COMPARATOR","description":"30 subjects receive Sham therapy for 3 weeks (the machine turning on but the energy is zero). Thereafter, the two groups are cross over.","interventionNames":["Device: low energy extracorporeal shockwave therapy"]}],"interventions":[{"type":"DEVICE","name":"low energy extracorporeal shockwave therapy","description":"Low-intensity extracorporeal shockwave therapy (LI-ESWT) was proved to be useful in various medical conditions; for example, neovascularization in myocardial ischemia, nonhealing wounds, ED and chronic pelvic pain syndrome","armGroupLabels":["1","2"]}]},"outcomesModule":{"primaryOutcomes":[{"measure":"IIEF-5 score","description":"the 4th week and the 8th week change from baseline for IIEF-5 score change from baseline for IIEF-5 score.\n\nThe IIEF-5 Questionnaire\n\nOver the past 6 months:\n\n1. How do you rate your confidence that you could get and keep an erection? (1-5)\n2. When you had erections with sexual stimulation, how often were your erections hard enough for penetration? (1-5)\n3. During sexual intercourse, how often were you able to maintain your erection after you had penetrated your partner? (1-5)\n4. During sexual intercourse, how difficult was it to maintain your erection to completion of intercourse? (1-5)\n5. When you attempted sexual intercourse, how often was it satisfactory for you? (1-5) Total Score: 1-7: Severe ED 8-11: Moderate ED 12-16: Mild-moderate ED 17-21: Mild ED 22-25: No ED","timeFrame":"the 4th week and the 8th week"}],"secondaryOutcomes":[{"measure":"Penile Doppler Ultrasound (PDU)","description":"PDU at 4th and 8th week","timeFrame":"the 4th week and the 8th week"},{"measure":"EHS（Erection Hardness Score）","description":"EHS at 4th and 8th week EHS score\n\nHow would you rate the hardness of your erection? select one of the following options:\n\n* 0 - Penis does not enlarge.\n* 1 - Penis is larger, but not hard.\n* 2 - Penis is hard, but not hard enough for penetration.\n* 3 - Penis is hard enough for penetration, but not completely hard.\n* 4 - Penis is completely hard and fully rigid.","timeFrame":"the 4th week and the 8th week"},{"measure":"QoL: questionnaire","description":"Quality-of-life questionnaire at 4th and 8th week\n\nScore 0 (the best) - 6 (the worst)","timeFrame":"the 4th week and the 8th week"}]},"eligibilityModule":{"eligibilityCriteria":"Inclusion Criteria:\n\n1. Patients age 20 \\~ 70 year-old man, suffering from ED for over 6 months.\n2. 5 ≦ IIEF-5 ≦ 21.\n\nExclusion Criteria:\n\n1. Patients with penile implant, prior radical prostatectomy, rectal surgery, radiation therapy to the pelvic area, spinal cord injury, prostate cancer, bladder cancer, interstitial cystitis, or major depression.\n2. Patient ever received low intensity shockwave or who does not have sex intercourse in recent six months.","healthyVolunteers":false,"sex":"MALE","minimumAge":"20 Years","maximumAge":"70 Years","stdAges":["ADULT","OLDER_ADULT"]},"contactsLocationsModule":{"locations":[{"facility":"National Taiwan University Hospital","city":"Taipei","zip":"100","country":"Taiwan","geoPoint":{"lat":25.04776,"lon":121.53185}}]},"referencesModule":{"references":[{"pmid":"30664671","type":"RESULT","citation":"Sokolakis I, Hatzichristodoulou G. Clinical studies on low intensity extracorporeal shockwave therapy for erectile dysfunction: a systematic review and meta-analysis of randomised controlled trials. Int J Impot Res. 2019 May;31(3):177-194. doi: 10.1038/s41443-019-0117-z. Epub 2019 Jan 21."},{"pmid":"30956690","type":"RESULT","citation":"Campbell JD, Trock BJ, Oppenheim AR, Anusionwu I, Gor RA, Burnett AL. Meta-analysis of randomized controlled trials that assess the efficacy of low-intensity shockwave therapy for the treatment of erectile dysfunction. Ther Adv Urol. 2019 Mar 29;11:1756287219838364. doi: 10.1177/1756287219838364. eCollection 2019 Jan-Dec."},{"pmid":"31027441","type":"RESULT","citation":"Dong L, Chang D, Zhang X, Li J, Yang F, Tan K, Yang Y, Yong S, Yu X. Effect of Low-Intensity Extracorporeal Shock Wave on the Treatment of Erectile Dysfunction: A Systematic Review and Meta-Analysis. Am J Mens Health. 2019 Mar-Apr;13(2):1557988319846749. doi: 10.1177/1557988319846749."}]},"ipdSharingStatementModule":{"ipdSharing":"UNDECIDED"}},"derivedSection":{"miscInfoModule":{"versionHolder":"2024-09-24"},"conditionBrowseModule":{"meshes":[{"id":"D000007172","term":"Erectile Dysfunction"}],"ancestors":[{"id":"D000005832","term":"Genital Diseases, Male"},{"id":"D000091662","term":"Genital Diseases"},{"id":"D000091642","term":"Urogenital Diseases"},{"id":"D000012735","term":"Sexual Dysfunction, Physiological"},{"id":"D000052801","term":"Male Urogenital Diseases"},{"id":"D000020018","term":"Sexual Dysfunctions, Psychological"},{"id":"D000001523","term":"Mental Disorders"}],"browseLeaves":[{"id":"M10217","name":"Erectile Dysfunction","asFound":"Erectile Dysfunction","relevance":"HIGH"},{"id":"M2876","name":"Genital Diseases","relevance":"LOW"},{"id":"M8944","name":"Genital Diseases, Male","relevance":"LOW"},{"id":"M2875","name":"Urogenital Diseases","relevance":"LOW"},{"id":"M15546","name":"Sexual Dysfunction, Physiological","relevance":"LOW"},{"id":"M27095","name":"Male Urogenital Diseases","relevance":"LOW"},{"id":"M21873","name":"Sexual Dysfunctions, Psychological","relevance":"LOW"},{"id":"M14473","name":"Psychotic Disorders","relevance":"LOW"},{"id":"M4815","name":"Mental Disorders","relevance":"LOW"},{"id":"T4202","name":"Oculocerebral Syndrome With Hypopigmentation","relevance":"LOW"}],"browseBranches":[{"abbrev":"BXS","name":"Urinary Tract, Sexual Organs, and Pregnancy Conditions"},{"abbrev":"BXM","name":"Behaviors and Mental Disorders"},{"abbrev":"All","name":"All Conditions"},{"abbrev":"Rare","name":"Rare Diseases"}]}},"hasResults":false}