{"protocolSection":{"identificationModule":{"nctId":"NCT03355963","orgStudyIdInfo":{"id":"19-09-2016"},"organization":{"fullName":"Benha University","class":"OTHER"},"briefTitle":"Intracavernosal Injection of Botulinum Toxin Type A (50 and 100 Unit) in the Treatment of Erectile Dysfunction","officialTitle":"Comparative Study Between Intracavernosal Injection of Botulinum Toxin Type A (50 and 100 Unit) Efficacy and Durability in the Treatment of Vascular Erectile Dysfunction"},"statusModule":{"statusVerifiedDate":"2019-11","overallStatus":"COMPLETED","expandedAccessInfo":{"hasExpandedAccess":false},"startDateStruct":{"date":"2016-07-12","type":"ACTUAL"},"primaryCompletionDateStruct":{"date":"2019-01-25","type":"ACTUAL"},"completionDateStruct":{"date":"2019-02-20","type":"ACTUAL"},"studyFirstSubmitDate":"2017-11-13","studyFirstSubmitQcDate":"2017-11-28","studyFirstPostDateStruct":{"date":"2017-11-29","type":"ACTUAL"},"lastUpdateSubmitDate":"2019-11-24","lastUpdatePostDateStruct":{"date":"2019-11-26","type":"ACTUAL"}},"sponsorCollaboratorsModule":{"responsibleParty":{"type":"PRINCIPAL_INVESTIGATOR","investigatorFullName":"Waleed El-Shaer, MD","investigatorTitle":"Principal Investigator","investigatorAffiliation":"Benha University"},"leadSponsor":{"name":"Benha University","class":"OTHER"},"collaborators":[{"name":"Cairo University","class":"OTHER"}]},"oversightModule":{"isFdaRegulatedDrug":false,"isFdaRegulatedDevice":false},"descriptionModule":{"briefSummary":"purpose: The aim of this study is to compare the safety, efficacy and durability of different doses of BTX-A (50 and 100 unit) in the treatment of Vasculogenic Erectile Dysfunction after failure of other ICI therapy.\n\nPatients and Methods: This study will be conducted on 200 patients diagnosed as vascular erectile dysfunction by penile color Doppler not responding to medical and injection therapy presenting to Urology department and outpatient clinic at Benha University Hospital, Andrology, Sexology \\& STD's outpatient clinic, Kasr El Aini Hospitals, Cairo University.(multicentric study).\n\nA- Inclusion criteria:\n\n* Age between 40 to 70 years.\n* Vascular ED proved by penile duplex.\n* Unable to develop erections sufficient for intercourse.\n* A \"No\" response on Sexual encounter profile questions (SEP 2 \\& 3)\n* Failing to respond to first line and second line treatments for Erectile Dysfunction with surgery as the only remaining treatment option.\n\nB-Exclusion criteria:\n\n* Significant cardiovascular disease interfering with sexual activity\n* Any history of an unstable medical or psychiatric condition\n* Any presence of penile anatomical abnormalities (e.g. penile fibrosis) that would significantly impair erectile function.\n\npatients will be simply randomized into 3 equal groups, one control group and two treatment groups. Ethics committee approval and informed consent were obtained.","detailedDescription":"introduction: Evidence has been arising suggesting that Botulinum toxin type A (BTX-A) injections can relax smooth muscles fibers in the treatment of obesity and Detrusor muscle over-activity, similar effect on cavernosal smooth muscles would help in the treatment of erectile dysfunction (ED) resistant to oral and intracavernous (IC) therapy, thus avoiding surgical treatment options.\n\npatient and methods: All patients will perform penile color Doppler evaluation to confirm a vascular etiology, a trimix solution (PGE1 10 ug + Phentolamine 1 mg + Papaverine 30 mg) was injected IC during the penile Doppler study.\n\nThe control group: received an IC 1 ml saline injection one day after the penile Doppler/trimix test.\n\nThe treatment group B: received a single IC injection of BTX-A 50 units one day after the penile Doppler/trimix test.\n\nThe treatment group C: received a single IC injection of BTX-A 100 units one day after the penile Doppler/trimix test.\n\nAssessment for all groups was done by penile color Doppler exam, Sexual Health Inventory for men (SHIM), Sexual Encounter Profile questions 2 and 3 (SEP 2 \\& SEP 3), and the global assessment question (GAQ) were completed pre-treatment and 2 weeks after treatment also, 3 and 6 months after treatment.\n\nProcedure:\n\nAt least 1 day after the penile color Doppler test, the patient is placed in the supine position flaccid and stretched penile length and girth would be measured from tip of the penis to the pubic bone will be done. A rubber band will be applied to the base of the penis. The skin will be prepped with alcohol swabs followed by the IC injection of 50 units of BTX-A for patients in treatment group B and 100 units of BTX-A for patients in treatment group C with direct pressure will be applied for 2 minutes. The rubber band will be removed after 15 minutes.\n\nPatients and controls will fill the Sexual Health Inventory for men (SHIM) questionnaire and answer the ,Sexual Encounter Profile questions 2 and 3 (SEP 2 \\& SEP 3), and the global assessment question (GAQ) before and 2 weeks, 3 months and 6 months after treatment .\n\nThe rational for selecting the minimum 2-weeks waiting period is to give a chance for the BTX-A to reach its maximum effect. Possible Risks include pain and prolonged erections, also 3 months and 6 months after treatment do detect safety, efficacy and durability."},"conditionsModule":{"conditions":["Erectile Dysfunction","Botulinum Toxin"]},"designModule":{"studyType":"INTERVENTIONAL","phases":["PHASE2"],"designInfo":{"allocation":"RANDOMIZED","interventionModel":"PARALLEL","primaryPurpose":"TREATMENT","maskingInfo":{"masking":"DOUBLE","whoMasked":["PARTICIPANT","INVESTIGATOR"]}},"enrollmentInfo":{"count":200,"type":"ACTUAL"}},"armsInterventionsModule":{"armGroups":[{"label":"Group A","type":"PLACEBO_COMPARATOR","description":"The control group: received an IC 1 ml saline injection one day after the penile Doppler/trimix test.","interventionNames":["Other: saline injection"]},{"label":"Group B","type":"ACTIVE_COMPARATOR","description":"The treatment group B: received a single IC injection of BTX-A 50 units one day after the penile Doppler/trimix test.","interventionNames":["Biological: Botulinum toxin type A 50 units"]},{"label":"Group C","type":"ACTIVE_COMPARATOR","description":"The treatment group C:\n\nintervention: received a single IC injection of BTX-A 100 units one day after the penile Doppler/trimix test.","interventionNames":["Biological: Botulinum toxin type A 100 units"]}],"interventions":[{"type":"OTHER","name":"saline injection","description":"The control group: received an IC 1 ml saline injection one day after the penile Doppler/trimix test.","armGroupLabels":["Group A"],"otherNames":["group A (control group)"]},{"type":"BIOLOGICAL","name":"Botulinum toxin type A 50 units","description":"The treatment group B: received a single IC injection of BTX-A 50 units one day after the penile Doppler/trimix test.","armGroupLabels":["Group B"],"otherNames":["group B"]},{"type":"BIOLOGICAL","name":"Botulinum toxin type A 100 units","description":"The treatment group C: received a single IC injection of BTX-A 100 units one day after the penile Doppler/trimix test.","armGroupLabels":["Group C"],"otherNames":["group C"]}]},"outcomesModule":{"primaryOutcomes":[{"measure":"Erectile Function (EF) domain score of the International Index of Erectile Function (IIEF)","description":"Changes in the Erectile Function (EF) domain score of the International Index of Erectile Function (IIEF) between treatment periods and baseline in different study arms. the score as follow:\n\n\\> 7 severe dysfunction 7-12 Moderate dysfunction\n\n13-18 Mild to moderate dysfunction\n\n19-24 Mild dysfunction\n\n25-30 No dysfunction","timeFrame":"pre-treatment and 2 weeks after treatment also, 3 and 6 months after treatment"},{"measure":"the Sexual Event Profile (SEP) scores","description":"Changes in the Sexual Event Profile (SEP) scores between treatment periods and baseline in different study arms by a \\<yes or no\\> response .","timeFrame":"baseline, 2 weeks post treatment , 3, and 6 months post treatment"},{"measure":"Global Assessment Questionnaire (GAQ) scores","description":"Changes in the Global Assessment Questionnaire (GAQ) scores between treatment periods in different study arms by a \\<yes or no\\> response","timeFrame":"baseline, 2 weeks post treatment , 3, and 6 months post treatment"},{"measure":"Cavernosal artery peak systolic and end diastolic velocities","description":"Change in Peak systolic velocity in the Cavernosal arteries, on color Doppler examination, in the patient and control groups.","timeFrame":"baseline, 2 weeks post treatment , 3, and 6 months post treatment"}]},"eligibilityModule":{"eligibilityCriteria":"Inclusion Criteria:\n\n* Age between 40 to 70 years. Vascular ED proved by penile duplex. Unable to develop erections sufficient for intercourse. A \"No\" response on Sexual encounter profile questions (SEP 2 \\& 3) Failing to respond to first line and second line treatments for Erectile Dysfunction with surgery as the only remaining treatment option.\n\nExclusion Criteria:\n\n* Significant cardiovascular disease interfering with sexual activity Any history of an unstable medical or psychiatric condition Any presence of penile anatomical abnormalities (e.g. penile fibrosis) that would significantly impair erectile function.","healthyVolunteers":false,"sex":"MALE","minimumAge":"40 Years","maximumAge":"70 Years","stdAges":["ADULT","OLDER_ADULT"]}},"derivedSection":{"miscInfoModule":{"versionHolder":"2024-09-24"},"conditionBrowseModule":{"meshes":[{"id":"D000007172","term":"Erectile Dysfunction"}],"ancestors":[{"id":"D000005832","term":"Genital Diseases, Male"},{"id":"D000091662","term":"Genital Diseases"},{"id":"D000091642","term":"Urogenital Diseases"},{"id":"D000012735","term":"Sexual Dysfunction, Physiological"},{"id":"D000052801","term":"Male Urogenital Diseases"},{"id":"D000020018","term":"Sexual Dysfunctions, Psychological"},{"id":"D000001523","term":"Mental Disorders"}],"browseLeaves":[{"id":"M10217","name":"Erectile Dysfunction","asFound":"Erectile Dysfunction","relevance":"HIGH"},{"id":"M2876","name":"Genital Diseases","relevance":"LOW"},{"id":"M8944","name":"Genital Diseases, Male","relevance":"LOW"},{"id":"M2875","name":"Urogenital Diseases","relevance":"LOW"},{"id":"M15546","name":"Sexual Dysfunction, Physiological","relevance":"LOW"},{"id":"M27095","name":"Male Urogenital Diseases","relevance":"LOW"},{"id":"M21873","name":"Sexual Dysfunctions, Psychological","relevance":"LOW"},{"id":"M14473","name":"Psychotic Disorders","relevance":"LOW"},{"id":"M4815","name":"Mental Disorders","relevance":"LOW"}],"browseBranches":[{"abbrev":"BXS","name":"Urinary Tract, Sexual Organs, and Pregnancy Conditions"},{"abbrev":"BXM","name":"Behaviors and Mental Disorders"},{"abbrev":"All","name":"All Conditions"}]},"interventionBrowseModule":{"meshes":[{"id":"D000001905","term":"Botulinum Toxins"},{"id":"D000019274","term":"Botulinum Toxins, Type A"},{"id":"C000542869","term":"abobotulinumtoxinA"}],"ancestors":[{"id":"D000065087","term":"Acetylcholine Release Inhibitors"},{"id":"D000049990","term":"Membrane Transport Modulators"},{"id":"D000045504","term":"Molecular Mechanisms of Pharmacological Action"},{"id":"D000018678","term":"Cholinergic Agents"},{"id":"D000018377","term":"Neurotransmitter Agents"},{"id":"D000045505","term":"Physiological Effects of Drugs"},{"id":"D000009465","term":"Neuromuscular Agents"},{"id":"D000018373","term":"Peripheral Nervous System Agents"}],"browseLeaves":[{"id":"M5183","name":"Botulinum Toxins","asFound":"Resection","relevance":"HIGH"},{"id":"M21257","name":"Botulinum Toxins, Type A","asFound":"Parkinson's Disease","relevance":"HIGH"},{"id":"M250193","name":"abobotulinumtoxinA","asFound":"Parkinson's Disease","relevance":"HIGH"},{"id":"M3473","name":"Acetylcholine","relevance":"LOW"},{"id":"M20758","name":"Cholinergic Agents","relevance":"LOW"},{"id":"M20504","name":"Neurotransmitter Agents","relevance":"LOW"}],"browseBranches":[{"abbrev":"All","name":"All Drugs and Chemicals"},{"abbrev":"VaDiAg","name":"Vasodilator Agents"}]}},"hasResults":false}