{"protocolSection":{"identificationModule":{"nctId":"NCT01912586","orgStudyIdInfo":{"id":"NanFang2013035"},"organization":{"fullName":"Nanfang Hospital, Southern Medical University","class":"OTHER"},"briefTitle":"Early Intervention for Erectile Dysfunction After Laparoscopic Resection for Rectal Cancer","officialTitle":"A Non-randomised Controlled Trial of Early Intervention to Preserve Erectile Function After Laparoscopic Resection for Rectal Cancer"},"statusModule":{"statusVerifiedDate":"2014-02","overallStatus":"COMPLETED","expandedAccessInfo":{"hasExpandedAccess":false},"startDateStruct":{"date":"2013-05"},"primaryCompletionDateStruct":{"date":"2014-12","type":"ACTUAL"},"completionDateStruct":{"date":"2015-06","type":"ACTUAL"},"studyFirstSubmitDate":"2013-07-29","studyFirstSubmitQcDate":"2013-07-29","studyFirstPostDateStruct":{"date":"2013-07-31","type":"ESTIMATED"},"lastUpdateSubmitDate":"2015-06-17","lastUpdatePostDateStruct":{"date":"2015-06-18","type":"ESTIMATED"}},"sponsorCollaboratorsModule":{"responsibleParty":{"type":"PRINCIPAL_INVESTIGATOR","investigatorFullName":"Haijun Deng, MD, PhD","investigatorTitle":"Associate professor","investigatorAffiliation":"Nanfang Hospital, Southern Medical University"},"leadSponsor":{"name":"Nanfang Hospital, Southern Medical University","class":"OTHER"}},"oversightModule":{"oversightHasDmc":false},"descriptionModule":{"briefSummary":"Although the high prevalence of erectile dysfunction (ED) was detected among male patients after the treatment for colorectal cancer, published reports depicting the erectile dysfunction experience of patients with colorectal cancer ot underpin service development are insufficient. Furthermore,unlike patients with prostate cancer, men with colorectal cancer are not routinely offered information and treatment for erectile dysfunction.However, investigations on patients after surgery for prostate cancer could provide some potentially useful insights. The ability of sildenafil and vacuum erection device (VED) to aid in the return of erections after nerve-sparing radical prostatectomy has been established, which may benefit rectal cancer patients after surgery with ED.\n\nLaparoscopic surgery, although technically demanding and associated with a long learning curve, has the advantage of clear visualization for the smallest structures,including the autonomic nerves. Laparoscopic resection for rectal cancer could thus facilitate preservation of the pelvic autonomic nerves.\n\nThis study aimed to identify whether early intervention is effective at reducing the rate of ED at 12 months."},"conditionsModule":{"conditions":["Rectal Tumors","Erectile Dysfunction"],"keywords":["erectile dysfunction","laparoscopic surgery","rectal cancer","sildenafil","vacuum erection device"]},"designModule":{"studyType":"INTERVENTIONAL","phases":["PHASE4"],"designInfo":{"allocation":"NON_RANDOMIZED","interventionModel":"PARALLEL","primaryPurpose":"PREVENTION","maskingInfo":{"masking":"NONE"}},"enrollmentInfo":{"count":90,"type":"ACTUAL"}},"armsInterventionsModule":{"armGroups":[{"label":"Arm A","type":"NO_INTERVENTION","description":"Patients receive no interventions for ED after laparoscopic surgery"},{"label":"Arm B","type":"EXPERIMENTAL","description":"sildenafil 25mg/day nightly without vacuum erection device for 3 months after surgery within one or two weeks.","interventionNames":["Other: vacuum erection device"]},{"label":"Arm C","type":"EXPERIMENTAL","description":"sildenafil 25mg/day nightly and together with using vacuum erection device to make erections for 10-15 minutes/day for 3 months after surgery within one or two weeks.","interventionNames":["Other: vacuum erection device"]}],"interventions":[{"type":"OTHER","name":"vacuum erection device","description":"sildenafil: 25mg/day nightly for 3 months vacuum erection device: make erections for 10-15 minutes/day for 3 months","armGroupLabels":["Arm B","Arm C"],"otherNames":["sildenafil"]}]},"outcomesModule":{"primaryOutcomes":[{"measure":"Changes in sexual function based on the (IIEF)-5 score and NPT","description":"Summarized according to assigned treatment group. Erectile Dysfunction is defined by The International Index of Erectile Dysfunction(IIEF)-5 score and Nocturnal penile tumescence(NPT).","timeFrame":"3 months"},{"measure":"Changes in sexual function based on the (IIEF)-5 score and NPT","description":"Summarized according to assigned treatment group. Erectile Dysfunction is defined by The International Index of Erectile Dysfunction(IIEF)-5 score and Nocturnal penile tumescence(NPT).","timeFrame":"6 months"},{"measure":"Changes in sexual function based on the (IIEF)-5 score and NPT","description":"Summarized according to assigned treatment group. Erectile Dysfunction is defined by The International Index of Erectile Dysfunction(IIEF)-5 score and Nocturnal penile tumescence(NPT).","timeFrame":"12 months"}],"secondaryOutcomes":[{"measure":"Compliance and overall patient satisfaction based on the self reported compliance diary and IIEF-5 score and NPT","description":"Summarized according to assigned treatment group.","timeFrame":"12 months"}]},"eligibilityModule":{"eligibilityCriteria":"Inclusion Criteria:\n\n1. 18 \\< Age \\< 70\n2. Sexually active men without the consistent use of erectile aids pre-operatively\n3. Rectal cancer confirmed by histology\n4. Undergoing a bilateral nerve sparing laparoscopic rectal resection\n5. IIEF-5 domain score \\> =20 before surgery\n6. Presence of a female sexual partner\n7. Willingness to participate in clinical research as evidenced by their signature on the informed consent form\n\nExclusion Criteria:\n\n1. Has a history of cardiac failure, angina, or life-threatening arrhythmia within the past 6 months\n2. Has taken or has been prescribed nitrate medication in any form in the last 6 months\n3. Contraindication to sildenafil (e.g. nitrates, hypersensitivity)\n4. Contraindication to vacuum erection device (e.g. coagulation abnormality, stick cell disease)\n5. Men with a history of known penile deformity or Peyronie's disease\n6. Pre or postoperative androgen therapy","healthyVolunteers":false,"sex":"MALE","minimumAge":"18 Years","maximumAge":"70 Years","stdAges":["ADULT","OLDER_ADULT"]},"contactsLocationsModule":{"locations":[{"facility":"Department of General Surgery, Nanfang Hospital of Southern Medical University","city":"Guangzhou","state":"Guangdong","zip":"510515","country":"China","geoPoint":{"lat":23.11667,"lon":113.25}}]},"referencesModule":{"references":[{"pmid":"22010127","type":"BACKGROUND","citation":"Dowswell G, Ismail T, Greenfield S, Clifford S, Hancock B, Wilson S. Men's experience of erectile dysfunction after treatment for colorectal cancer: qualitative interview study. BMJ. 2011 Oct 18;343:d5824. doi: 10.1136/bmj.d5824."},{"pmid":"22476834","type":"BACKGROUND","citation":"McGlone ER, Khan O, Flashman K, Khan J, Parvaiz A. Urogenital function following laparoscopic and open rectal cancer resection: a comparative study. Surg Endosc. 2012 Sep;26(9):2559-65. doi: 10.1007/s00464-012-2232-5. Epub 2012 Apr 5."},{"pmid":"21135876","type":"BACKGROUND","citation":"Lange MM, van de Velde CJ. Urinary and sexual dysfunction after rectal cancer treatment. Nat Rev Urol. 2011 Jan;8(1):51-7. doi: 10.1038/nrurol.2010.206. Epub 2010 Dec 7."}]}},"derivedSection":{"miscInfoModule":{"versionHolder":"2024-09-24"},"conditionBrowseModule":{"meshes":[{"id":"D000012004","term":"Rectal Neoplasms"},{"id":"D000007172","term":"Erectile Dysfunction"}],"ancestors":[{"id":"D000015179","term":"Colorectal Neoplasms"},{"id":"D000007414","term":"Intestinal Neoplasms"},{"id":"D000005770","term":"Gastrointestinal Neoplasms"},{"id":"D000004067","term":"Digestive System Neoplasms"},{"id":"D000009371","term":"Neoplasms by Site"},{"id":"D000009369","term":"Neoplasms"},{"id":"D000004066","term":"Digestive System Diseases"},{"id":"D000005767","term":"Gastrointestinal Diseases"},{"id":"D000007410","term":"Intestinal Diseases"},{"id":"D000012002","term":"Rectal Diseases"},{"id":"D000005832","term":"Genital Diseases, Male"},{"id":"D000091662","term":"Genital Diseases"},{"id":"D000091642","term":"Urogenital Diseases"},{"id":"D000012735","term":"Sexual Dysfunction, Physiological"},{"id":"D000052801","term":"Male Urogenital Diseases"},{"id":"D000020018","term":"Sexual Dysfunctions, Psychological"},{"id":"D000001523","term":"Mental Disorders"}],"browseLeaves":[{"id":"M14846","name":"Rectal Neoplasms","asFound":"Rectal Cancer","relevance":"HIGH"},{"id":"M10217","name":"Erectile Dysfunction","asFound":"Erectile Dysfunction","relevance":"HIGH"},{"id":"M17890","name":"Colorectal Neoplasms","relevance":"LOW"},{"id":"M10448","name":"Intestinal Neoplasms","relevance":"LOW"},{"id":"M8886","name":"Gastrointestinal Neoplasms","relevance":"LOW"},{"id":"M7256","name":"Digestive System Neoplasms","relevance":"LOW"},{"id":"M8883","name":"Gastrointestinal Diseases","relevance":"LOW"},{"id":"M7255","name":"Digestive System Diseases","relevance":"LOW"},{"id":"M10444","name":"Intestinal Diseases","relevance":"LOW"},{"id":"M14844","name":"Rectal Diseases","relevance":"LOW"},{"id":"M2876","name":"Genital Diseases","relevance":"LOW"},{"id":"M8944","name":"Genital Diseases, Male","relevance":"LOW"},{"id":"M2875","name":"Urogenital Diseases","relevance":"LOW"},{"id":"M15546","name":"Sexual Dysfunction, Physiological","relevance":"LOW"},{"id":"M27095","name":"Male Urogenital Diseases","relevance":"LOW"},{"id":"M21873","name":"Sexual Dysfunctions, Psychological","relevance":"LOW"},{"id":"M14473","name":"Psychotic Disorders","relevance":"LOW"},{"id":"M4815","name":"Mental Disorders","relevance":"LOW"}],"browseBranches":[{"abbrev":"BC04","name":"Neoplasms"},{"abbrev":"BC06","name":"Digestive System Diseases"},{"abbrev":"All","name":"All Conditions"},{"abbrev":"BXS","name":"Urinary Tract, Sexual Organs, and Pregnancy Conditions"},{"abbrev":"BXM","name":"Behaviors and Mental Disorders"}]},"interventionBrowseModule":{"meshes":[{"id":"D000068677","term":"Sildenafil Citrate"}],"ancestors":[{"id":"D000014665","term":"Vasodilator Agents"},{"id":"D000058986","term":"Phosphodiesterase 5 Inhibitors"},{"id":"D000010726","term":"Phosphodiesterase Inhibitors"},{"id":"D000004791","term":"Enzyme Inhibitors"},{"id":"D000045504","term":"Molecular Mechanisms of Pharmacological Action"},{"id":"D000064804","term":"Urological Agents"}],"browseLeaves":[{"id":"M292","name":"Sildenafil Citrate","asFound":"Insertion","relevance":"HIGH"},{"id":"M21320","name":"Citric Acid","relevance":"LOW"},{"id":"M1837","name":"Sodium Citrate","relevance":"LOW"},{"id":"M17412","name":"Vasodilator Agents","relevance":"LOW"},{"id":"M29332","name":"Phosphodiesterase 5 Inhibitors","relevance":"LOW"},{"id":"M13629","name":"Phosphodiesterase Inhibitors","relevance":"LOW"},{"id":"M7951","name":"Enzyme Inhibitors","relevance":"LOW"},{"id":"T382","name":"Citrate","relevance":"LOW"}],"browseBranches":[{"abbrev":"VaDiAg","name":"Vasodilator Agents"},{"abbrev":"Urol","name":"Urological Agents"},{"abbrev":"All","name":"All Drugs and Chemicals"},{"abbrev":"AnCoag","name":"Anticoagulants"},{"abbrev":"Ot","name":"Other Dietary Supplements"}]}},"hasResults":false}