{"protocolSection":{"identificationModule":{"nctId":"NCT03359265","orgStudyIdInfo":{"id":"GREEN888"},"organization":{"fullName":"National Defense Medical Center, Taiwan","class":"OTHER"},"briefTitle":"Evaluate the Clinical Efficacy of Precious Metal Fiber Textile (Germanium Titanium π Element) for Erectile Dysfunction","officialTitle":"Evaluate the Clinical Efficacy of Precious Metal Fiber Textile (Germanium Titanium π Element) for Erectile Dysfunction"},"statusModule":{"statusVerifiedDate":"2020-09","overallStatus":"COMPLETED","expandedAccessInfo":{"hasExpandedAccess":false},"startDateStruct":{"date":"2015-11-25","type":"ACTUAL"},"primaryCompletionDateStruct":{"date":"2016-06-15","type":"ACTUAL"},"completionDateStruct":{"date":"2016-12-31","type":"ACTUAL"},"studyFirstSubmitDate":"2017-11-17","studyFirstSubmitQcDate":"2017-11-29","studyFirstPostDateStruct":{"date":"2017-12-02","type":"ACTUAL"},"lastUpdateSubmitDate":"2020-09-08","lastUpdatePostDateStruct":{"date":"2020-09-09","type":"ACTUAL"}},"sponsorCollaboratorsModule":{"responsibleParty":{"type":"PRINCIPAL_INVESTIGATOR","investigatorFullName":"Juin-Hong Cherng","investigatorTitle":"Assistant Professor","investigatorAffiliation":"National Defense Medical Center, Taiwan"},"leadSponsor":{"name":"National Defense Medical Center, Taiwan","class":"OTHER"}},"oversightModule":{"isFdaRegulatedDrug":false,"isFdaRegulatedDevice":false},"descriptionModule":{"briefSummary":"Erectile dysfunction (ED) is common, and is defined as \"persistent or regular inability to achieve or maintain penis erection for satisfactory intercourse\". Approximately 3% to 71% of males have this problem as they age, and it is predicted that 320 million males worldwide will have ED by 2025. However, sex remains a topic that is too sensitive for most people to discuss openly. ED therapies include oral medication, vacuum erection devices, intracavernosal injection, testosterone supplementation, surgery, and psychological counseling. In addition, germanium (Ge), titanium (Ti), and π elements are noble metals that can be used to produce far-infrared radiation. There has been little application of these metals to the treatment of ED, but their use is worth investigating. Administered as health textiles, the application of these metals are expected to promote blood circulation, especially in the reproductive system, resulting in an improved sexual performance. Hence, the researcher aimed to investigate the safety and efficacy of Ge-Ti-π elements fiber textiles as an ED treatment, assessed by using the questionnaires related to the quality of sexual function.","detailedDescription":"This clinical trial recruited 30 subjects with ED (a test group of 21 subjects and a control group of 9 subjects). Cellulosic textiles, incorporating noble metals (Ge, Ti, and π elements), developed by Green Energy Nano Technology Co., Ltd, were used in the test group, while commercially available regular textiles were used in the control group. The safety and efficacy of the treatment to the subject's sexual function quality were assessed through the International Index of Erectile Function (IIEF-5) and the validated Portuguese version of the Quality of Erection Questionnaire (QEQ) questionnaires. In the same session, the symptoms related to ED were assessed through the Premature Ejaculation Diagnostic Tool (PEDT) and the International Prostate Symptom Score (IPSS) questionnaires. The questionnaires were completed once a month and followed up for 3 months. The incidence of severe adverse effects was analyzed to assess product safety."},"conditionsModule":{"conditions":["Erectile Dysfunction"]},"designModule":{"studyType":"INTERVENTIONAL","phases":["NA"],"designInfo":{"allocation":"RANDOMIZED","interventionModel":"PARALLEL","primaryPurpose":"TREATMENT","maskingInfo":{"masking":"QUADRUPLE","whoMasked":["PARTICIPANT","CARE_PROVIDER","INVESTIGATOR","OUTCOMES_ASSESSOR"]}},"enrollmentInfo":{"count":30,"type":"ACTUAL"}},"armsInterventionsModule":{"armGroups":[{"label":"Test","type":"ACTIVE_COMPARATOR","description":"The test group used underpants made of precious metal fibers (germanium, titanium and phosphorus), developed by Green Energy Nano Technology Co., Ltd.","interventionNames":["Device: underpants"]},{"label":"Control","type":"PLACEBO_COMPARATOR","description":"The control group used commercially available underpants.","interventionNames":["Device: underpants"]}],"interventions":[{"type":"DEVICE","name":"underpants","armGroupLabels":["Control","Test"]}]},"outcomesModule":{"primaryOutcomes":[{"measure":"The International Index of Erectile Function (IIEF-5)","description":"IIEF-5 is a multidimensional validated questionnaire with 15 questions in the five domains of sexual function, such as erectile and orgasmic functions, sexual desire, satisfaction with intercourse, and overall sexual satisfaction. IIEF-5 scoring:\n\nThe IIEF-5 score is the sum of the ordinal responses to the 5 items. 22-25: No erectile dysfunction 17-21: Mild erectile dysfunction 12-16: Mild to moderate erectile dysfunction 8-11: Moderate erectile dysfunction 5-7: Severe erectile dysfunction","timeFrame":"3 months"},{"measure":"Quality of Erection Questionnaire (QEQ)","description":"QEQ is a questionnaire that provides a further level of information by assessing satisfaction with the quality of the erections that were attained and maintained. QEQ is to be evaluated as a total score, which is the sum of responses to all items transformed onto a 5-30 scale.\n\nThe maximum score on the QEQ is 30, and a higher score indicates better function.","timeFrame":"3 months"},{"measure":"Premature Ejaculation Diagnostic Tool (PEDT)","description":"PEDT has been shown to be valid in detecting the presence of premature ejaculation among patients with five questions. Each item has a score of zero to four, and PEDT is scored by considering all five items together, which a higher score indicates highly suggestive of premature ejaculation.","timeFrame":"3 months"},{"measure":"International Prostate Symptom Score (IPSS)","description":"IPSS is a well-known questionnaire to evaluate the symptom of prostate disease in patients. The answers are assigned points from 0 to 5. The total score can therefore range from 0 to 35 (asymptomatic to very symptomatic).","timeFrame":"3 months"}]},"eligibilityModule":{"eligibilityCriteria":"Inclusion Criteria:\n\n1. The subject or legal representative has understood the contents of this experiment and has agreed to sign the participation consent form.\n2. The subject is aged between 40 and 70 years.\n3. The patient has a medical history of erectile dysfunction for at least three months, based on a physician's diagnosis.\n4. The subject has a regular sex partner during the experimental period.\n\nExclusion Criteria:\n\n1. Subject was administered oral medication (Sildenafil, Vardenafil, or Tadalafil), vacuum suction device, or corpus cavernosum injections, seven days before the experiment commenced.\n2. Long-term use of antihypertensive medication (doxazosin or nitrate), antidepressants, sedatives, anti-androgens, or medications such as cimetidine for digestive ulcers.\n3. Severe damage to the central nervous system (including stroke or spinal injury) within the last six months.\n4. Patients with erectile dysfunction induced by non-vascular causes, such as neurological factors, hormonal factors, or related trauma.\n5. Patients with vascular sclerosis.\n6. Patients with psychogenic erectile dysfunction.\n7. Patients who had undergone radical prostatectomy or transurethral resection of the prostate.\n8. HIV patients or patients with severe liver dysfunction (GOT, GPT ≥100 IU/L).\n9. Patients with genital malformations or diseases that require sexual abstinence.\n10. Sex partner is pregnant or nursing.\n11. Patients with Peyronie's Disease.\n12. Heavy drinkers or smokers.\n13. Patients with malignant tumors or prostate cancer.\n14. Patients who had surgery during the study period that could affect the experimental results.\n15. Subjects who had a serious clinical or mental condition that could affect the experimental procedure or evaluation.","healthyVolunteers":false,"sex":"MALE","genderBased":true,"genderDescription":"Male","minimumAge":"40 Years","maximumAge":"55 Years","stdAges":["ADULT"]},"contactsLocationsModule":{"locations":[{"facility":"National Defense of Medical Center, Tri-Service General Hospital","city":"Taipei city","zip":"114","country":"Taiwan","geoPoint":{"lat":25.04776,"lon":121.53185}}]},"referencesModule":{"references":[{"pmid":"26320382","type":"BACKGROUND","citation":"Puppo V, Puppo G. Re: K. Hatzimouratidis, I. Eardley, F. Giuliano, et al. Guidelines on Male Sexual Dysfunction: Erectile Dysfunction and Premature Ejaculation. The Netherlands: European Association of Urology; 2015. http://uroweb.org/guideline/male-sexual-dysfunction/. Eur Urol. 2015 Dec;68(6):e136-7. doi: 10.1016/j.eururo.2015.08.026. Epub 2015 Aug 28. No abstract available."},{"pmid":"17275456","type":"BACKGROUND","citation":"Selvin E, Burnett AL, Platz EA. Prevalence and risk factors for erectile dysfunction in the US. Am J Med. 2007 Feb;120(2):151-7. doi: 10.1016/j.amjmed.2006.06.010."},{"pmid":"21076440","type":"BACKGROUND","citation":"Lewis RW. Epidemiology of sexual dysfunction in Asia compared to the rest of the world. Asian J Androl. 2011 Jan;13(1):152-8. doi: 10.1038/aja.2010.108. Epub 2010 Nov 15."},{"pmid":"11035380","type":"BACKGROUND","citation":"McKinlay JB. The worldwide prevalence and epidemiology of erectile dysfunction. Int J Impot Res. 2000 Oct;12 Suppl 4:S6-S11. doi: 10.1038/sj.ijir.3900567."}]}},"derivedSection":{"miscInfoModule":{"versionHolder":"2024-09-24"},"conditionBrowseModule":{"meshes":[{"id":"D000007172","term":"Erectile Dysfunction"}],"ancestors":[{"id":"D000005832","term":"Genital Diseases, Male"},{"id":"D000091662","term":"Genital Diseases"},{"id":"D000091642","term":"Urogenital Diseases"},{"id":"D000012735","term":"Sexual Dysfunction, Physiological"},{"id":"D000052801","term":"Male Urogenital Diseases"},{"id":"D000020018","term":"Sexual Dysfunctions, Psychological"},{"id":"D000001523","term":"Mental Disorders"}],"browseLeaves":[{"id":"M10217","name":"Erectile Dysfunction","asFound":"Erectile Dysfunction","relevance":"HIGH"},{"id":"M2876","name":"Genital Diseases","relevance":"LOW"},{"id":"M8944","name":"Genital Diseases, Male","relevance":"LOW"},{"id":"M2875","name":"Urogenital Diseases","relevance":"LOW"},{"id":"M15546","name":"Sexual Dysfunction, Physiological","relevance":"LOW"},{"id":"M27095","name":"Male Urogenital Diseases","relevance":"LOW"},{"id":"M21873","name":"Sexual Dysfunctions, Psychological","relevance":"LOW"},{"id":"M14473","name":"Psychotic Disorders","relevance":"LOW"},{"id":"M4815","name":"Mental Disorders","relevance":"LOW"}],"browseBranches":[{"abbrev":"BXS","name":"Urinary Tract, Sexual Organs, and Pregnancy Conditions"},{"abbrev":"BXM","name":"Behaviors and Mental Disorders"},{"abbrev":"All","name":"All Conditions"}]}},"hasResults":false}