{"protocolSection":{"identificationModule":{"nctId":"NCT02587988","orgStudyIdInfo":{"id":"HM-TARO-301"},"organization":{"fullName":"Hanmi Pharmaceutical Company Limited","class":"INDUSTRY"},"briefTitle":"Trial to Evaluate the Efficacy and Safety of HCP1302","officialTitle":"A Randomized, Double-blind, Multicenter, Phase Ⅲ Study to Evaluate the Efficacy and Safety of HCP1302 in Both Erectile Dysfunction and Hypertension Patients Being Treated With HGP0904"},"statusModule":{"statusVerifiedDate":"2016-10","overallStatus":"COMPLETED","expandedAccessInfo":{"hasExpandedAccess":false},"startDateStruct":{"date":"2014-09"},"primaryCompletionDateStruct":{"date":"2015-05","type":"ACTUAL"},"completionDateStruct":{"date":"2015-08","type":"ACTUAL"},"studyFirstSubmitDate":"2015-10-25","studyFirstSubmitQcDate":"2015-10-26","studyFirstPostDateStruct":{"date":"2015-10-27","type":"ESTIMATED"},"lastUpdateSubmitDate":"2016-10-31","lastUpdatePostDateStruct":{"date":"2016-11-01","type":"ESTIMATED"}},"sponsorCollaboratorsModule":{"responsibleParty":{"type":"SPONSOR"},"leadSponsor":{"name":"Hanmi Pharmaceutical Company Limited","class":"INDUSTRY"}},"oversightModule":{"oversightHasDmc":false},"descriptionModule":{"briefSummary":"Trial to Evaluate the Efficacy and Safety of HCP1302","detailedDescription":"A Randomized, Double-blind, Multicenter, Phase Ⅲ study to Evaluate the Efficacy and Safety of HCP1302 in Both Erectile Dysfunction and Hypertension Patients being Treated with HGP0904"},"conditionsModule":{"conditions":["Erectile Dysfunction","Hypertension"],"keywords":["Erectile dysfunction & Hypertension"]},"designModule":{"studyType":"INTERVENTIONAL","phases":["PHASE3"],"designInfo":{"allocation":"RANDOMIZED","interventionModel":"PARALLEL","primaryPurpose":"TREATMENT","maskingInfo":{"masking":"DOUBLE","whoMasked":["PARTICIPANT","INVESTIGATOR"]}},"enrollmentInfo":{"count":232,"type":"ACTUAL"}},"armsInterventionsModule":{"armGroups":[{"label":"HCP1302+HGP0904Placebo","type":"EXPERIMENTAL","description":"HCP1302+HGP0904Placebo for 12weeks","interventionNames":["Drug: HCP1302","Drug: Placebo (for HGP0904)"]},{"label":"HCP1302Placebo+HGP0904","type":"ACTIVE_COMPARATOR","description":"HCP1302Placebo+HGP0904 for 12weeks","interventionNames":["Drug: HGP0904","Drug: Placebo (for HCP1302)"]}],"interventions":[{"type":"DRUG","name":"HCP1302","armGroupLabels":["HCP1302+HGP0904Placebo"]},{"type":"DRUG","name":"HGP0904","armGroupLabels":["HCP1302Placebo+HGP0904"]},{"type":"DRUG","name":"Placebo (for HCP1302)","armGroupLabels":["HCP1302Placebo+HGP0904"]},{"type":"DRUG","name":"Placebo (for HGP0904)","armGroupLabels":["HCP1302+HGP0904Placebo"]}]},"outcomesModule":{"primaryOutcomes":[{"measure":"Change of IIEF-EF domain score","timeFrame":"baseline and 12 weeks"},{"measure":"Change of sitting diastolic blood pressure","timeFrame":"baseline and 12 weeks"}],"secondaryOutcomes":[{"measure":"Change of sitting diastolic blood pressure","timeFrame":"baseline, 4weeks and 8weeks"},{"measure":"Change of sitting systolic blood pressure","timeFrame":"baseline,4weeks, 8weeks and 12 weeks"},{"measure":"Change of IIEF-EF domain score","timeFrame":"baseline, 4weeks and 8weeks"}]},"eligibilityModule":{"eligibilityCriteria":"At Visit1\n\n1. ≥19 age\n2. Hypertension Patients who need amlodipine 5mg\n3. Abnormal Erectile function ≥ at least 3months based on screening date\n4. Patients who are expected to frequent use of Tadalafil (at least two times for weeks)\n5. Patients understood the consents and purpose of this trial and signed informed consent form\n\nAt Visit2\n\n1. 90≤ sitSBP \\< 140 mmHg and 50 ≤ sitDBP \\< 90 mmHg\n2. Sexual dysfunction rate ≥ 50% for 4 weeks run-in period\n3. International Index of Erectile Function(IIEF)- Erectile Function(EF) domain score ≤ 25\n\nExclusion Criteria:\n\n1. History of hypersensitivity to Amlodipine or Tadalafil\n2. Has a severe liver disorder(Child-Pugh Class C) or liver enzyme (AST, ALT) level exceeds 3 times more than normal upper range\n3. Has a clinically significant renal failure (Scr \\> 2mg/dl)\n4. Uncontrolled diabetes mellitus (HbA1C \\>12%)\n5. At screening date, blood pressure gap of selected arms is sitSBP ≥20mmHg or sitDBP ≥10mmHg\n6. Taking PDE-5 inhibitors or other therapeutic agents for Erectile Dysfunction within 7 days based on screening date\n7. No reaction to PDE-5 inhibitors","healthyVolunteers":false,"sex":"MALE","minimumAge":"19 Years","stdAges":["ADULT","OLDER_ADULT"]},"ipdSharingStatementModule":{"ipdSharing":"NO"}},"derivedSection":{"miscInfoModule":{"versionHolder":"2024-09-24"},"conditionBrowseModule":{"meshes":[{"id":"D000007172","term":"Erectile Dysfunction"},{"id":"D000006973","term":"Hypertension"}],"ancestors":[{"id":"D000014652","term":"Vascular Diseases"},{"id":"D000002318","term":"Cardiovascular Diseases"},{"id":"D000005832","term":"Genital Diseases, Male"},{"id":"D000091662","term":"Genital Diseases"},{"id":"D000091642","term":"Urogenital Diseases"},{"id":"D000012735","term":"Sexual Dysfunction, Physiological"},{"id":"D000052801","term":"Male Urogenital Diseases"},{"id":"D000020018","term":"Sexual Dysfunctions, Psychological"},{"id":"D000001523","term":"Mental Disorders"}],"browseLeaves":[{"id":"M10024","name":"Hypertension","asFound":"Hypertension","relevance":"HIGH"},{"id":"M10217","name":"Erectile Dysfunction","asFound":"Erectile Dysfunction","relevance":"HIGH"},{"id":"M17400","name":"Vascular Diseases","relevance":"LOW"},{"id":"M2876","name":"Genital Diseases","relevance":"LOW"},{"id":"M8944","name":"Genital Diseases, Male","relevance":"LOW"},{"id":"M2875","name":"Urogenital Diseases","relevance":"LOW"},{"id":"M15546","name":"Sexual Dysfunction, Physiological","relevance":"LOW"},{"id":"M27095","name":"Male Urogenital Diseases","relevance":"LOW"},{"id":"M21873","name":"Sexual Dysfunctions, Psychological","relevance":"LOW"},{"id":"M14473","name":"Psychotic Disorders","relevance":"LOW"},{"id":"M4815","name":"Mental Disorders","relevance":"LOW"}],"browseBranches":[{"abbrev":"BC14","name":"Heart and Blood Diseases"},{"abbrev":"All","name":"All Conditions"},{"abbrev":"BXS","name":"Urinary Tract, Sexual Organs, and Pregnancy Conditions"},{"abbrev":"BXM","name":"Behaviors and Mental Disorders"}]}},"hasResults":false}