{"protocolSection":{"identificationModule":{"nctId":"NCT01941732","orgStudyIdInfo":{"id":"VIA-Pilot1"},"organization":{"fullName":"Bispebjerg Hospital","class":"OTHER"},"briefTitle":"Motor Response to Sildenafil in PD","officialTitle":"Motor Response to Acute Challenge to Sildenafil in Parkinsons Disease"},"statusModule":{"statusVerifiedDate":"2013-09","overallStatus":"COMPLETED","expandedAccessInfo":{"hasExpandedAccess":false},"startDateStruct":{"date":"2003-11"},"primaryCompletionDateStruct":{"date":"2004-02","type":"ACTUAL"},"completionDateStruct":{"date":"2004-03","type":"ACTUAL"},"studyFirstSubmitDate":"2013-09-10","studyFirstSubmitQcDate":"2013-09-10","studyFirstPostDateStruct":{"date":"2013-09-13","type":"ESTIMATED"},"lastUpdateSubmitDate":"2013-09-10","lastUpdatePostDateStruct":{"date":"2013-09-13","type":"ESTIMATED"}},"sponsorCollaboratorsModule":{"responsibleParty":{"type":"PRINCIPAL_INVESTIGATOR","investigatorFullName":"Kristian Winge","investigatorTitle":"Consultant, ph.d.","investigatorAffiliation":"Bispebjerg Hospital"},"leadSponsor":{"name":"Bispebjerg Hospital","class":"OTHER"}},"oversightModule":{"oversightHasDmc":false},"descriptionModule":{"briefSummary":"Sildenafil (Viagra(R))is widely used by men with Parkinsons Disease (PD) and erectile dysfunction. A number of patients have reported that when they take Sildenafil, their need of anti-PD medication is reduced.\n\nWe hypotheses that sildenafil increases brain blood flow and hence improves the function of specific brain regions, improving motor function.\n\nMotor function and cerebral blood flow of 8 patients will be tested before and after Sildenafil intake and before and after anti-PD medication.","detailedDescription":"Erectile dysfunction can be experienced by up tp 40% of men with Parkinsons Disease (PD). Sildenafil (Viagra(R))is widely used by men with PD and erectile dysfunction. A number of patients have reported that when they take Sildenafil, their need of anti-PD medication is reduced.\n\nWe hypotheses that sildenafil increases cerebral blood flow in basal ganglia and hence improves the function, improving motor function.\n\nMotor function and cerebral blood flow (rCBF) of 8 patients will be tested before and after Sildenafil intake and before and after anti-PD medication.\n\nrCBF will be measured by the Xe133 inhalation method and a fast-rotating, brain-dedicated, single photon emission computerized tomograph (SPECT, Tomomatic, 232, Medimatic, Inc., Denmark). Two scans will be perfomed, when patients are i)in normal medicated state and ii) in normal medicated state 1 hour after intake of 100 mg sildenafil.\n\nMotor function will be measured i 4 conditions: i)in normal medicated state and ii) in normal medicated state 1 hour after intake of 100 mg sildenafil, iii) after 12 hours of discontiation of anti-PD mediciation and iiii) after 14 hours of discontiation of anti-PD mediciation and 1 hour after intake of 100 mg sildenafil."},"conditionsModule":{"conditions":["Parkinsons Disease","Erectile Dysfunction"]},"designModule":{"studyType":"INTERVENTIONAL","phases":["PHASE4"],"designInfo":{"allocation":"NA","interventionModel":"SINGLE_GROUP","primaryPurpose":"TREATMENT","maskingInfo":{"masking":"NONE"}},"enrollmentInfo":{"count":8,"type":"ACTUAL"}},"armsInterventionsModule":{"armGroups":[{"label":"Sildenafil","type":"EXPERIMENTAL","description":"motor function to be tested before and after challenge with 100 mg sildenafil after taking normal anti-PD medication, and Again after discontinuation of anti-PD medication for 12 h","interventionNames":["Drug: Sildenafil"]}],"interventions":[{"type":"DRUG","name":"Sildenafil","armGroupLabels":["Sildenafil"],"otherNames":["Sildenafil (Viagra (R)) 100 mg"]}]},"outcomesModule":{"primaryOutcomes":[{"measure":"Motor function","description":"Motor function assessed by Unified Parkinsons disease Rating Scale, section 3 before and after challenge with Sildenafil and before and after discontinuation of anti-PD medication for 12 hours.","timeFrame":"1 hour"}],"secondaryOutcomes":[{"measure":"Cerebral Blood Flow (rCBF)","description":"change in rCBF in basal ganglia from before to 1 hour after intake of 100 mg of sildenafil","timeFrame":"1 hour"}]},"eligibilityModule":{"eligibilityCriteria":"Inclusion Criteria:\n\n* Men\n* Parkinsons disease\n* Erectile dysfunction\n* previous tried sildenafil with beneficial effects on motor function\n\nExclusion Criteria:\n\n* psychosis\n* Heart disease","healthyVolunteers":false,"sex":"MALE","minimumAge":"18 Years","maximumAge":"80 Years","stdAges":["ADULT","OLDER_ADULT"]},"contactsLocationsModule":{"locations":[{"facility":"Dept of Neurology, Bispebjerg Hospital","city":"Copenhagen","zip":"DK2400NV","country":"Denmark","geoPoint":{"lat":55.67594,"lon":12.56553}}]}},"annotationSection":{"annotationModule":{"unpostedAnnotation":{"unpostedResponsibleParty":"Kristian Winge, Consultant, ph.d., Bispebjerg Hospital","unpostedEvents":[{"type":"RELEASE","date":"2013-09-12"},{"type":"RESET","date":"2013-11-13"}]}}},"derivedSection":{"miscInfoModule":{"versionHolder":"2024-09-24","submissionTracking":{"estimatedResultsFirstSubmitDate":"2013-09-12","submissionInfos":[{"releaseDate":"2013-09-12","resetDate":"2013-11-13"}]}},"conditionBrowseModule":{"meshes":[{"id":"D000010300","term":"Parkinson Disease"},{"id":"D000007172","term":"Erectile Dysfunction"}],"ancestors":[{"id":"D000020734","term":"Parkinsonian Disorders"},{"id":"D000001480","term":"Basal Ganglia Diseases"},{"id":"D000001927","term":"Brain Diseases"},{"id":"D000002493","term":"Central Nervous System Diseases"},{"id":"D000009422","term":"Nervous System Diseases"},{"id":"D000009069","term":"Movement Disorders"},{"id":"D000080874","term":"Synucleinopathies"},{"id":"D000019636","term":"Neurodegenerative Diseases"},{"id":"D000005832","term":"Genital Diseases, Male"},{"id":"D000091662","term":"Genital Diseases"},{"id":"D000091642","term":"Urogenital Diseases"},{"id":"D000012735","term":"Sexual Dysfunction, Physiological"},{"id":"D000052801","term":"Male Urogenital Diseases"},{"id":"D000020018","term":"Sexual Dysfunctions, Psychological"},{"id":"D000001523","term":"Mental Disorders"}],"browseLeaves":[{"id":"M13213","name":"Parkinson Disease","asFound":"Parkinson's Disease","relevance":"HIGH"},{"id":"M10217","name":"Erectile Dysfunction","asFound":"Erectile Dysfunction","relevance":"HIGH"},{"id":"M22494","name":"Parkinsonian Disorders","relevance":"LOW"},{"id":"M25603","name":"Ganglion Cysts","relevance":"LOW"},{"id":"M16358","name":"Synovial Cyst","relevance":"LOW"},{"id":"M4774","name":"Basal Ganglia Diseases","relevance":"LOW"},{"id":"M5204","name":"Brain Diseases","relevance":"LOW"},{"id":"M5742","name":"Central Nervous System Diseases","relevance":"LOW"},{"id":"M12029","name":"Movement Disorders","relevance":"LOW"},{"id":"M2217","name":"Synucleinopathies","relevance":"LOW"},{"id":"M21558","name":"Neurodegenerative Diseases","relevance":"LOW"},{"id":"M2876","name":"Genital Diseases","relevance":"LOW"},{"id":"M8944","name":"Genital Diseases, Male","relevance":"LOW"},{"id":"M2875","name":"Urogenital Diseases","relevance":"LOW"},{"id":"M15546","name":"Sexual Dysfunction, Physiological","relevance":"LOW"},{"id":"M27095","name":"Male Urogenital Diseases","relevance":"LOW"},{"id":"M21873","name":"Sexual Dysfunctions, Psychological","relevance":"LOW"},{"id":"M14473","name":"Psychotic Disorders","relevance":"LOW"},{"id":"M4815","name":"Mental Disorders","relevance":"LOW"},{"id":"T170","name":"Acute Graft Versus Host Disease","relevance":"LOW"}],"browseBranches":[{"abbrev":"BC10","name":"Nervous System Diseases"},{"abbrev":"All","name":"All Conditions"},{"abbrev":"BXS","name":"Urinary Tract, Sexual Organs, and Pregnancy Conditions"},{"abbrev":"BXM","name":"Behaviors and Mental Disorders"},{"abbrev":"BC04","name":"Neoplasms"},{"abbrev":"BC17","name":"Skin and Connective Tissue Diseases"},{"abbrev":"BC18","name":"Nutritional and Metabolic Diseases"},{"abbrev":"Rare","name":"Rare Diseases"}]},"interventionBrowseModule":{"meshes":[{"id":"D000068677","term":"Sildenafil Citrate"}],"ancestors":[{"id":"D000014665","term":"Vasodilator Agents"},{"id":"D000058986","term":"Phosphodiesterase 5 Inhibitors"},{"id":"D000010726","term":"Phosphodiesterase Inhibitors"},{"id":"D000004791","term":"Enzyme Inhibitors"},{"id":"D000045504","term":"Molecular Mechanisms of Pharmacological Action"},{"id":"D000064804","term":"Urological Agents"}],"browseLeaves":[{"id":"M292","name":"Sildenafil Citrate","asFound":"Insertion","relevance":"HIGH"},{"id":"M21320","name":"Citric Acid","relevance":"LOW"},{"id":"M1837","name":"Sodium Citrate","relevance":"LOW"},{"id":"M17412","name":"Vasodilator Agents","relevance":"LOW"},{"id":"M29332","name":"Phosphodiesterase 5 Inhibitors","relevance":"LOW"},{"id":"M13629","name":"Phosphodiesterase Inhibitors","relevance":"LOW"},{"id":"M7951","name":"Enzyme Inhibitors","relevance":"LOW"},{"id":"T382","name":"Citrate","relevance":"LOW"}],"browseBranches":[{"abbrev":"VaDiAg","name":"Vasodilator Agents"},{"abbrev":"Urol","name":"Urological Agents"},{"abbrev":"All","name":"All Drugs and Chemicals"},{"abbrev":"AnCoag","name":"Anticoagulants"},{"abbrev":"Ot","name":"Other Dietary Supplements"}]}},"hasResults":false}