{"protocolSection":{"identificationModule":{"nctId":"NCT02446808","orgStudyIdInfo":{"id":"ProPep B-016-001"},"organization":{"fullName":"ProPep Surgical, LLC","class":"INDUSTRY"},"briefTitle":"Intraoperative Nerve Monitoring During Robot-assisted Laparoscopic Prostatectomy","officialTitle":"Clinical Assessment of Intraoperative Nerve Monitoring During Robot-assisted Laparoscopic Prostatectomy"},"statusModule":{"statusVerifiedDate":"2018-04","overallStatus":"UNKNOWN","lastKnownStatus":"ACTIVE_NOT_RECRUITING","expandedAccessInfo":{"hasExpandedAccess":false},"startDateStruct":{"date":"2015-06"},"primaryCompletionDateStruct":{"date":"2018-06","type":"ESTIMATED"},"completionDateStruct":{"date":"2018-12","type":"ESTIMATED"},"studyFirstSubmitDate":"2015-05-11","studyFirstSubmitQcDate":"2015-05-13","studyFirstPostDateStruct":{"date":"2015-05-18","type":"ESTIMATED"},"lastUpdateSubmitDate":"2018-04-09","lastUpdatePostDateStruct":{"date":"2018-04-10","type":"ACTUAL"}},"sponsorCollaboratorsModule":{"responsibleParty":{"type":"SPONSOR"},"leadSponsor":{"name":"ProPep Surgical, LLC","class":"INDUSTRY"},"collaborators":[{"name":"Indiana University School of Medicine","class":"OTHER"}]},"oversightModule":{"oversightHasDmc":true},"descriptionModule":{"briefSummary":"The purpose of this study is to determine whether the use of intraoperative nerve monitoring during robotic-assisted laparoscopic prostatectomy surgery improves post-surgery urinary continence and erectile function.","detailedDescription":"Study Design:\n\nThis is a single surgeon, single institution prospective post-market study of patients undergoing a robotic-assisted laparoscopic prostatectomy (RALP) with intraoperative nerve monitoring of pelvic nerves using the ProPep Nerve Monitoring System. The treatment group will consist of 80 subjects (with 69 anticipated to be evaluable) undergoing RALP with intraoperative nerve monitoring (IONM). This will be compared to a consecutive group of contemporary control cohort patients who have underwent RALP without nerve monitoring by the same single surgeon.\n\nBaseline Evaluations and Data Collection:\n\nPre-operative baseline evaluations and data collection will be used to determine eligibility for enrollment and to document subject clinical status prior to surgical procedure. This information is recorded on the Screening case report forms (CRF).\n\nThe following data will be collected at screening/baseline:\n\n* Medical History including Gleason score at biopsy, and clinical stage (cT, TNM 2002);\n* Physical examination;\n* Demographic information;\n* Current symptoms;\n* Expanded Prostate Cancer Index Composite for Clinical Practice (EPIC-CP) Questionnaire;\n* SHIM Questionnaire;\n* Use of any drugs for erectile dysfunction ;\n* Confirmation of inclusion and exclusion criteria.\n\nSurgical Procedure The surgical procedure should be completed according to site-specific standards. The following is a general overview of the surgical procedure for this study. The daVinci Surgical System must be used. Additional instrumentation necessary to perform the procedure is determined by the surgeon.\n\nThe Pep Electrode Introducer facilitates the introduction of the needle electrodes into the pelvis. The electrodes are initially placed in the levator muscle near the apex of the prostate in the area of the nerve bundles prior to the pedicle dissection to identify the perineal branches of the pudendal nerve. Prior to posterior dissection of the apex of the prostate, the needle electrodes are removed from the levator muscle and moved to the external urethral sphincter to identify the deep (muscular) branch of the perineal nerves. Action potentials are measured by the Pep Monitor.\n\nSignals are induced in the nerve(s) of interest by stimulating the tissue surrounding the nerve(s) along the presumed nerve pathway with a low level electrical current. The low level current is delivered through the conventional bipolar instrument used during robotic surgery and when delivered close to a nerve it triggers and action potential in the nerve that is displayed on the Pep Monitor. The Pep Control Switch is used to switch the bipolar instrument between cautery mode and stimulation mode. The closer the bipolar instrument is to the nerve being located, the larger the amplitude of the action potential displayed by the Pep Monitor.\n\nNerves will be identified with the device prior to pedicle and apical dissection to establish nerve location. Nerve monitoring may be used through the course of dissections to confirm nerve location. Post-dissection readings will be collected after specimen removal to confirm the integrity of the preserved nerve tissue at the end of the case.\n\nDuring the procedure and through hospital discharge the following data points will be collected:\n\n* Type of nerve sparing - none, partial, and bilateral;\n* Prostate size;\n* Estimated blood loss and transfusion(s);\n* Method of dissection (transperitoneal anterior, posterior, extraperitoneal, or lymph node dissection);\n* Gleason score at radical prostatectomy;\n* Pathological stage (nT);\n* Positive surgical margin rate (PSM);\n* Total robotic and surgical time;\n* Total time for device deployment;\n* Hospital admission / discharge dates; and\n* Adverse events.\n\nPostoperative care will be according to the site-specific standard of care.\n\nFollow-up Evaluation and Data Collections:\n\nSubjects will be followed post-operatively at catheter removal (typically 1 week), 1 month (±2 weeks), 3 months (±3 weeks), 6 months (±1 month), and 12 months (±1 month) following the procedure. Data will be collected on the appropriate follow-up Case Report Forms (CRFs). The CRFs for each of the follow-up data collection points will be supplied to the subjects upon their discharge from the hospital following their procedure. Research assistant will call subjects the week prior to the due date to remind subjects to fill in and mail back (via pre-addressed, stamped envelopes supplied with CRFs) appropriate CRF. Site specific standard of care will be followed post-operatively.\n\nThe following data and testing will be completed at each follow-up visit:\n\n* Current symptoms;\n* Modified EPIC-CP Questionnaire (question 3 and 4);\n* SHIM Questionnaire;\n* Use of any drugs for erectile dysfunction; and\n* Adverse events (AE).\n\nContemporary Control Cohort:\n\nAs the procedures for the prospective cohort are standard of care at the investigators institution, the investigator will have all of the same measures for the contemporary control cohort that he has for the for the prospective cohort. Each prospective subject will be matched to two selected subjects in the contemporary control cohort by biopsy Gleason score (6 vs. 7 vs. 8-10), nerve-sparing status (yes/no), type of nerve sparing (unilateral or bilateral) and age (within 5 years). The contemporary control cohort will draw from consecutive patients who have undergone RALP in the previous two years (2012-2014) that did not have IONM. The investigator will not record AEs for this contemporary control cohort as the investigator is only interested in collecting AEs data potentially related to the use of the IONM."},"conditionsModule":{"conditions":["Urinary Incontinence","Erectile Dysfunction"]},"designModule":{"studyType":"INTERVENTIONAL","phases":["NA"],"designInfo":{"allocation":"NA","interventionModel":"SINGLE_GROUP","primaryPurpose":"PREVENTION","maskingInfo":{"masking":"NONE"}},"enrollmentInfo":{"count":80,"type":"ESTIMATED"}},"armsInterventionsModule":{"armGroups":[{"label":"Intraoperative nerve monitoring","type":"EXPERIMENTAL","description":"Patients for which intraoperative nerve monitoring (electromyography) is used to identify the location of somatic pelvic nerves critical to urinary continence control and erectile function in real time during robotic-assisted laparoscopic prostatectomy surgery","interventionNames":["Device: Intraoperative nerve monitoring"]}],"interventions":[{"type":"DEVICE","name":"Intraoperative nerve monitoring","description":"Intraoperative nerve monitoring (electromyography) is used to identify the location of somatic pelvic nerves critical to urinary continence control and erectile function in real time during robotic-assisted laparoscopic prostatectomy surgery","armGroupLabels":["Intraoperative nerve monitoring"]}]},"outcomesModule":{"primaryOutcomes":[{"measure":"Return of urinary continence following robotic-assisted laparoscopic prostatectomy","description":"The proportion of subjects who have urinary continence following robotic-assisted laparoscopic prostatectomy (RALP) at 6 months postoperatively.","timeFrame":"6 month"}],"secondaryOutcomes":[{"measure":"Return of erectile function following robotic-assisted laparoscopic prostatectomy","description":"The proportion of subjects who return to pre-operative baseline (RTB) category (i.e. normal, mild, moderate, or severe erectile dysfunction) of erectile function following RALP with IONM of pelvic nerves. The change in SHIM score over time from baseline to 12 months.","timeFrame":"catheter removal which typically occurs at 1 week, 1 month, 3 month, 6 month, 12 month"},{"measure":"Time to urinary continence","description":"Assess time to continence defined as using 0 pads per day following RALP with IONM of pelvic nerves for 12 month post-operatively.","timeFrame":"catheter removal which typically occurs at 1 week, 1 month, 3 month, 6 month, 12 month"}]},"eligibilityModule":{"eligibilityCriteria":"Inclusion Criteria:\n\n* Male subjects 40-70 years of age diagnosed with adenocarcinoma of the prostate;\n* Subjects scheduled for robotic assisted radical prostatectomy for removal of localized prostate cancer;\n* Subjects, who, in the opinion of the clinical Investigator, are able to understand this clinical investigation, cooperate with the investigational procedures and are willing to return for all the required post-treatment follow-up visits\n\nExclusion Criteria:\n\n* Subjects with pre-operative urinary incontinence defined as use of pads or adult diapers;\n* Subjects with previous pelvic or abdominal radiation therapy;\n* Subjects with current or previous malignancy other than prostate or non-melanoma skin cancer;\n* Subjects who have previously had a transurethral resection of the prostate (TURP) or holmium laser enucleation of the prostate (HoLEP), high intensity focused ultrasound (HIFU) or cryotherapy;\n* Subjects with a prostate volume of \\>80mL\n* Subjects with a body mass index (BMI) of ≥ 34;\n* Subjects with current or suspected urinary tract or bladder infection(s);\n* Subjects with reported unstable cardiovascular disease (e.g., unstable angina, myocardial infarction within past 6 months, cardiac failure or life-threatening arrhythmia, congestive heart failure) or symptomatic postural hypotension within 6 months before screening;\n* Subjects with a history of diabetes;\n* Subjects with drug, alcohol, or substance abuse reported within the last three years (subject reported);\n* Subjects with a life expectancy less than study duration;\n* Subjects with systemic autoimmune disorder;\n* Subjects with any significant psychological disturbance that, in the opinion of the Investigator, could impair the consent process or ability to complete self-assessment questionnaires.\n* Subjects with known sensitivity to any device or products required for the RALP surgery; and\n* Subjects with any other condition that would contraindicate participation, as determined by the Investigator.","healthyVolunteers":true,"sex":"MALE","minimumAge":"40 Years","maximumAge":"70 Years","stdAges":["ADULT","OLDER_ADULT"]},"contactsLocationsModule":{"locations":[{"facility":"Indiana University School of Medicine","city":"Indianapolis","state":"Indiana","zip":"46202","country":"United States","geoPoint":{"lat":39.76838,"lon":-86.15804}}]}},"derivedSection":{"miscInfoModule":{"versionHolder":"2024-09-24"},"conditionBrowseModule":{"meshes":[{"id":"D000014549","term":"Urinary Incontinence"},{"id":"D000007172","term":"Erectile Dysfunction"}],"ancestors":[{"id":"D000014555","term":"Urination Disorders"},{"id":"D000014570","term":"Urologic Diseases"},{"id":"D000052776","term":"Female Urogenital Diseases"},{"id":"D000005261","term":"Female Urogenital Diseases and Pregnancy Complications"},{"id":"D000091642","term":"Urogenital Diseases"},{"id":"D000052801","term":"Male Urogenital Diseases"},{"id":"D000059411","term":"Lower Urinary Tract Symptoms"},{"id":"D000020924","term":"Urological Manifestations"},{"id":"D000001523","term":"Mental Disorders"},{"id":"D000005832","term":"Genital Diseases, Male"},{"id":"D000091662","term":"Genital Diseases"},{"id":"D000012735","term":"Sexual Dysfunction, Physiological"},{"id":"D000020018","term":"Sexual Dysfunctions, Psychological"}],"browseLeaves":[{"id":"M17299","name":"Urinary Incontinence","asFound":"Urinary Incontinence","relevance":"HIGH"},{"id":"M7936","name":"Enuresis","relevance":"LOW"},{"id":"M10217","name":"Erectile Dysfunction","asFound":"Erectile Dysfunction","relevance":"HIGH"},{"id":"M17305","name":"Urination Disorders","relevance":"LOW"},{"id":"M17319","name":"Urologic Diseases","relevance":"LOW"},{"id":"M2875","name":"Urogenital Diseases","relevance":"LOW"},{"id":"M27093","name":"Female Urogenital Diseases","relevance":"LOW"},{"id":"M14127","name":"Pregnancy Complications","relevance":"LOW"},{"id":"M8399","name":"Female Urogenital Diseases and Pregnancy Complications","relevance":"LOW"},{"id":"M27095","name":"Male Urogenital Diseases","relevance":"LOW"},{"id":"M29464","name":"Lower Urinary Tract Symptoms","relevance":"LOW"},{"id":"M22659","name":"Urological Manifestations","relevance":"LOW"},{"id":"M14473","name":"Psychotic Disorders","relevance":"LOW"},{"id":"M4815","name":"Mental Disorders","relevance":"LOW"},{"id":"M2876","name":"Genital Diseases","relevance":"LOW"},{"id":"M8944","name":"Genital Diseases, Male","relevance":"LOW"},{"id":"M15546","name":"Sexual Dysfunction, Physiological","relevance":"LOW"},{"id":"M21873","name":"Sexual Dysfunctions, Psychological","relevance":"LOW"}],"browseBranches":[{"abbrev":"BXS","name":"Urinary Tract, Sexual Organs, and Pregnancy Conditions"},{"abbrev":"BC23","name":"Symptoms and General Pathology"},{"abbrev":"All","name":"All Conditions"},{"abbrev":"BXM","name":"Behaviors and Mental Disorders"}]}},"hasResults":false}