{"protocolSection":{"identificationModule":{"nctId":"NCT03033537","orgStudyIdInfo":{"id":"2016"},"organization":{"fullName":"Adam International Hospital","class":"OTHER"},"briefTitle":"Intracavernosal Injection of Papaverine/Verapamil Versus Papaverine/Phentolamine in Erectile Dysfunction","officialTitle":"Intracavernosal Injection of Papaverine/Verapamil Versus Papaverine/Phentolamine in Erectile Dysfunction: A Pilot Study"},"statusModule":{"statusVerifiedDate":"2017-01","overallStatus":"COMPLETED","expandedAccessInfo":{"hasExpandedAccess":false},"startDateStruct":{"date":"2015-07-01","type":"ACTUAL"},"primaryCompletionDateStruct":{"date":"2016-01-01","type":"ACTUAL"},"completionDateStruct":{"date":"2016-01-20","type":"ACTUAL"},"studyFirstSubmitDate":"2017-01-20","studyFirstSubmitQcDate":"2017-01-24","studyFirstPostDateStruct":{"date":"2017-01-27","type":"ESTIMATED"},"lastUpdateSubmitDate":"2017-01-24","lastUpdatePostDateStruct":{"date":"2017-01-27","type":"ESTIMATED"}},"sponsorCollaboratorsModule":{"responsibleParty":{"type":"PRINCIPAL_INVESTIGATOR","investigatorFullName":"Ahmad Raef Sadek","investigatorTitle":"Dr.","investigatorAffiliation":"Adam International Hospital"},"leadSponsor":{"name":"Adam International Hospital","class":"OTHER"}},"oversightModule":{"isFdaRegulatedDrug":false,"isFdaRegulatedDevice":false},"descriptionModule":{"briefSummary":"Introduction: Erectile dysfunction is a common condition with a significant effect on quality of life. Verapamil is calcium channel blocker of the phenyl alkylamine class which relaxes the tone of the smooth muscles lining blood vessels, leading to their dilatation.","detailedDescription":"Objective: Evaluating the effect of intracavernosal injection of (Papaverine + Verapamil) and comparing it with (Papaverine + Phentolamine) in patients with erectile dysfunction.\n\nPatients and methods: Each one of the 20 erectile dysfunction patients was subjected to intracavernosal injection with (30mg Papaverine + 1mg Phentolamine), where penile duplex \\& clinical evaluation was carried out followed by a wash out interval of 2 weeks after which each patient was subjected to the exact previous procedures using (30 mg Papaverine + 5 mg Verapamil).\n\nKeywords: Erectile dysfunction - Intracavernosal injection - Penile duplex - Phentolamine - Verapamil."},"conditionsModule":{"conditions":["Erectile Dysfunction"]},"designModule":{"studyType":"OBSERVATIONAL","patientRegistry":true,"targetDuration":"2 Years","designInfo":{"observationalModel":"CASE_CROSSOVER","timePerspective":"PROSPECTIVE"},"enrollmentInfo":{"count":20,"type":"ACTUAL"}},"armsInterventionsModule":{"armGroups":[{"label":"Verapamil","description":"Intracavernosal injection of Verapamil","interventionNames":["Drug: Verapamil"]},{"label":"Phentolamine","description":"Intracavernosal injection of Phentolamine to treat erectile dysfunction for a period of 2 wweks","interventionNames":["Drug: Verapamil"]}],"interventions":[{"type":"DRUG","name":"Verapamil","description":"Local treatment of erectile dysfunction","armGroupLabels":["Phentolamine","Verapamil"],"otherNames":["Calcium Channel Blocker"]}]},"outcomesModule":{"primaryOutcomes":[{"measure":"IIEF5","description":"Questionnaire","timeFrame":"6 months"}]},"eligibilityModule":{"eligibilityCriteria":"Inclusion Criteria:\n\n* Married male patients suffering from erectile dysfunction and scheduled for intracavernosal injection.\n\nExclusion Criteria:\n\n* Responders to PDE5-inhibitors; congenital or acquired penile anomalies; uncontrolled medical conditions or known hypersensitivity to verapamil; Peyronie's disease and any known bleeding or coagulation disorders.","healthyVolunteers":false,"sex":"MALE","minimumAge":"18 Years","maximumAge":"50 Years","stdAges":["ADULT"],"studyPopulation":"Males complaining of erectile dysfunction","samplingMethod":"NON_PROBABILITY_SAMPLE"},"ipdSharingStatementModule":{"ipdSharing":"NO"}},"derivedSection":{"miscInfoModule":{"versionHolder":"2024-09-24"},"conditionBrowseModule":{"meshes":[{"id":"D000007172","term":"Erectile Dysfunction"}],"ancestors":[{"id":"D000005832","term":"Genital Diseases, Male"},{"id":"D000091662","term":"Genital Diseases"},{"id":"D000091642","term":"Urogenital Diseases"},{"id":"D000012735","term":"Sexual Dysfunction, Physiological"},{"id":"D000052801","term":"Male Urogenital Diseases"},{"id":"D000020018","term":"Sexual Dysfunctions, Psychological"},{"id":"D000001523","term":"Mental Disorders"}],"browseLeaves":[{"id":"M10217","name":"Erectile Dysfunction","asFound":"Erectile Dysfunction","relevance":"HIGH"},{"id":"M2876","name":"Genital Diseases","relevance":"LOW"},{"id":"M8944","name":"Genital Diseases, Male","relevance":"LOW"},{"id":"M2875","name":"Urogenital Diseases","relevance":"LOW"},{"id":"M15546","name":"Sexual Dysfunction, Physiological","relevance":"LOW"},{"id":"M27095","name":"Male Urogenital Diseases","relevance":"LOW"},{"id":"M21873","name":"Sexual Dysfunctions, Psychological","relevance":"LOW"},{"id":"M14473","name":"Psychotic Disorders","relevance":"LOW"},{"id":"M4815","name":"Mental Disorders","relevance":"LOW"}],"browseBranches":[{"abbrev":"BXS","name":"Urinary Tract, Sexual Organs, and Pregnancy Conditions"},{"abbrev":"BXM","name":"Behaviors and Mental Disorders"},{"abbrev":"All","name":"All Conditions"}]},"interventionBrowseModule":{"meshes":[{"id":"D000014700","term":"Verapamil"},{"id":"D000002121","term":"Calcium Channel Blockers"}],"ancestors":[{"id":"D000077264","term":"Calcium-Regulating Hormones and Agents"},{"id":"D000045505","term":"Physiological Effects of Drugs"},{"id":"D000000889","term":"Anti-Arrhythmia Agents"},{"id":"D000049990","term":"Membrane Transport Modulators"},{"id":"D000045504","term":"Molecular Mechanisms of Pharmacological Action"},{"id":"D000014665","term":"Vasodilator Agents"}],"browseLeaves":[{"id":"M5381","name":"Calcium","relevance":"LOW"},{"id":"M5398","name":"Calcium, Dietary","relevance":"LOW"},{"id":"M13127","name":"Papaverine","relevance":"LOW"},{"id":"M13551","name":"Phentolamine","relevance":"LOW"},{"id":"M5384","name":"Calcium Channel Blockers","asFound":"Electrophysiology","relevance":"HIGH"},{"id":"M17446","name":"Verapamil","asFound":"FES","relevance":"HIGH"},{"id":"M9789","name":"Hormones","relevance":"LOW"},{"id":"M4213","name":"Anti-Arrhythmia Agents","relevance":"LOW"},{"id":"M17412","name":"Vasodilator Agents","relevance":"LOW"}],"browseBranches":[{"abbrev":"All","name":"All Drugs and Chemicals"},{"abbrev":"BDCA","name":"Bone Density Conservation Agents"},{"abbrev":"VaDiAg","name":"Vasodilator Agents"},{"abbrev":"Urol","name":"Urological Agents"},{"abbrev":"AnAg","name":"Antihypertensive Agents"},{"abbrev":"ChanBlk","name":"Channel Blockers"},{"abbrev":"AnArAg","name":"Anti-Arrhythmia Agents"}]}},"hasResults":false}