{"protocolSection":{"identificationModule":{"nctId":"NCT03033082","orgStudyIdInfo":{"id":"2014"},"organization":{"fullName":"Adam International Hospital","class":"OTHER"},"briefTitle":"Evaluation of Marital and Sexual Satisfaction of Wives to Erectile Dysfunction Males","officialTitle":"Evaluation of Marital and Sexual Satisfaction of Wives to Erectile Dysfunction Males Using Intra Corporeal Injection (Ici). In Correlation to Personality Profile"},"statusModule":{"statusVerifiedDate":"2017-01","overallStatus":"COMPLETED","expandedAccessInfo":{"hasExpandedAccess":false},"startDateStruct":{"date":"2014-01-01","type":"ACTUAL"},"primaryCompletionDateStruct":{"date":"2014-06-01","type":"ACTUAL"},"completionDateStruct":{"date":"2014-06-30","type":"ACTUAL"},"studyFirstSubmitDate":"2017-01-22","studyFirstSubmitQcDate":"2017-01-24","studyFirstPostDateStruct":{"date":"2017-01-26","type":"ESTIMATED"},"lastUpdateSubmitDate":"2017-01-24","lastUpdatePostDateStruct":{"date":"2017-01-26","type":"ESTIMATED"}},"sponsorCollaboratorsModule":{"responsibleParty":{"type":"PRINCIPAL_INVESTIGATOR","investigatorFullName":"Ahmad Raef Sadek","investigatorTitle":"Prinicipal Investigator Ahmad Raef","investigatorAffiliation":"Adam International Hospital"},"leadSponsor":{"name":"Adam International Hospital","class":"OTHER"}},"oversightModule":{"isFdaRegulatedDrug":false,"isFdaRegulatedDevice":false},"descriptionModule":{"briefSummary":"Erectile Dysfunction (ED), previously known as sexual impotence, is defined as the persistent inability to obtain and/or maintain a penile erection that is hard enough for satisfactory sexual intercourse. The number of reported patients with ED is increasing and it is becoming a real medical problem.","detailedDescription":"Marital satisfaction is a global evaluation of the state of one's marriage or current long-term romantic relationship. This global evaluation can be a reflection of a how happy people are in their marriage in general or a composite of satisfaction with several specific facets of the marital relationship. Sexual health can be described as enjoying and fulfilling sexual desires without harming, physical or psychological, oneself or others. Sexual functioning is an important part of a patient's health and well-being. Patients often seek for treatment late due to embarrassment and commonly with an alternative problem. Sexual and erectile functions are considered important components of men's overall health. The psychosocial impact of ED can lead to depression, loss of self-esteem, and relationship and marital difficulties. Personality is defined as the \"distinctive and characteristic patterns of thought, emotion and behavior that define an individual's personal style and influence his or her interaction with the environment\"."},"conditionsModule":{"conditions":["Erectile Dysfunction"]},"designModule":{"studyType":"OBSERVATIONAL","patientRegistry":false,"designInfo":{"observationalModel":"CASE_CONTROL","timePerspective":"PROSPECTIVE"},"enrollmentInfo":{"count":70,"type":"ACTUAL"}},"armsInterventionsModule":{"armGroups":[{"label":"Erectile dysfunction patients","description":"Questionnaire sheets.","interventionNames":["Other: Questionnaire sheets"]},{"label":"Normal males","description":"Questionnaire sheets.","interventionNames":["Other: Questionnaire sheets"]}],"interventions":[{"type":"OTHER","name":"Questionnaire sheets","description":"A- Marital satisfaction Index (MSI). Interview (Modified Arabic translation)\n\nB- Sexual Satisfaction Scale:(SSS). The Arabic version of the sexual satisfaction scale was used.\n\nC- International Index of Erectile Function Questionnaire (IIEF-5): For male subjects.\n\nD- The Eysenck Personality Questionnaire (EPQ):\n\nThe Arabic version of the EPQ was used.","armGroupLabels":["Erectile dysfunction patients","Normal males"]}]},"outcomesModule":{"primaryOutcomes":[{"measure":"Marital and sexual satisfaction.","description":"Questionnaire sheets.","timeFrame":"Six months."}]},"eligibilityModule":{"eligibilityCriteria":"Inclusion Criteria:\n\n* Married couples\n\nExclusion Criteria:\n\n* Unmarried couples.","healthyVolunteers":true,"sex":"ALL","minimumAge":"18 Years","maximumAge":"50 Years","stdAges":["ADULT"],"studyPopulation":"Males complaining of erectile dysfunction.","samplingMethod":"NON_PROBABILITY_SAMPLE"},"ipdSharingStatementModule":{"ipdSharing":"YES","description":"Contact the authors"}},"derivedSection":{"miscInfoModule":{"versionHolder":"2024-09-24"},"conditionBrowseModule":{"meshes":[{"id":"D000007172","term":"Erectile Dysfunction"}],"ancestors":[{"id":"D000005832","term":"Genital Diseases, Male"},{"id":"D000091662","term":"Genital Diseases"},{"id":"D000091642","term":"Urogenital Diseases"},{"id":"D000012735","term":"Sexual Dysfunction, Physiological"},{"id":"D000052801","term":"Male Urogenital Diseases"},{"id":"D000020018","term":"Sexual Dysfunctions, Psychological"},{"id":"D000001523","term":"Mental Disorders"}],"browseLeaves":[{"id":"M10217","name":"Erectile Dysfunction","asFound":"Erectile Dysfunction","relevance":"HIGH"},{"id":"M2876","name":"Genital Diseases","relevance":"LOW"},{"id":"M8944","name":"Genital Diseases, Male","relevance":"LOW"},{"id":"M2875","name":"Urogenital Diseases","relevance":"LOW"},{"id":"M15546","name":"Sexual Dysfunction, Physiological","relevance":"LOW"},{"id":"M27095","name":"Male Urogenital Diseases","relevance":"LOW"},{"id":"M21873","name":"Sexual Dysfunctions, Psychological","relevance":"LOW"},{"id":"M14473","name":"Psychotic Disorders","relevance":"LOW"},{"id":"M4815","name":"Mental Disorders","relevance":"LOW"}],"browseBranches":[{"abbrev":"BXS","name":"Urinary Tract, Sexual Organs, and Pregnancy Conditions"},{"abbrev":"BXM","name":"Behaviors and Mental Disorders"},{"abbrev":"All","name":"All Conditions"}]}},"hasResults":false}