{"protocolSection":{"identificationModule":{"nctId":"NCT02152683","orgStudyIdInfo":{"id":"LISW-NY"},"organization":{"fullName":"Initia","class":"INDUSTRY"},"briefTitle":"Linear Focused Shockwave Treatment for Erectile Dysfunction","officialTitle":"Linear Focused Shockwave Treatment for Erectile Dysfunction"},"statusModule":{"statusVerifiedDate":"2015-09","overallStatus":"TERMINATED","expandedAccessInfo":{"hasExpandedAccess":false},"startDateStruct":{"date":"2014-03"},"primaryCompletionDateStruct":{"date":"2015-08","type":"ACTUAL"},"completionDateStruct":{"date":"2015-08","type":"ACTUAL"},"studyFirstSubmitDate":"2014-05-22","studyFirstSubmitQcDate":"2014-05-28","studyFirstPostDateStruct":{"date":"2014-06-02","type":"ESTIMATED"},"dispFirstSubmitDate":"2022-08-08","dispFirstSubmitQcDate":"2022-08-08","dispFirstPostDateStruct":{"date":"2022-08-11","type":"ACTUAL"},"lastUpdateSubmitDate":"2022-08-08","lastUpdatePostDateStruct":{"date":"2022-08-11","type":"ACTUAL"}},"sponsorCollaboratorsModule":{"responsibleParty":{"type":"SPONSOR"},"leadSponsor":{"name":"Initia","class":"INDUSTRY"}},"descriptionModule":{"briefSummary":"The study is aimed at comparing the performance of protocols employing one and two sessions per week, respectively. The study hypothesis claims that there is no significant difference between the performances of the compared protocols."},"conditionsModule":{"conditions":["Vasculogenic Erectile Dysfunction"]},"designModule":{"studyType":"INTERVENTIONAL","phases":["NA"],"designInfo":{"allocation":"RANDOMIZED","interventionModel":"PARALLEL","primaryPurpose":"TREATMENT","maskingInfo":{"masking":"NONE"}},"enrollmentInfo":{"count":84,"type":"ACTUAL"}},"armsInterventionsModule":{"armGroups":[{"label":"long protocol","type":"EXPERIMENTAL","description":"Renova","interventionNames":["Device: Renova"]},{"label":"short protocol","type":"EXPERIMENTAL","description":"Renova","interventionNames":["Device: Renova"]}],"interventions":[{"type":"DEVICE","name":"Renova","description":"Low- Intensity Shockwave","armGroupLabels":["long protocol","short protocol"]}]},"outcomesModule":{"primaryOutcomes":[{"measure":"IIEF-EF- International Index of Erectile Function questionnaire score","description":"the IIEF-EF questionnaire score will be evaluated at baseline, 1,3, and 6 months after end of treatment","timeFrame":"1 month post treatment"},{"measure":"IIEF-EF questionnaire score","timeFrame":"3 months post treatment"},{"measure":"IIEF-EF questionnaire score","description":"the IIEF-EF questionnaire score will be evaluated at baseline, 1,3, and 6 months after end of treatment","timeFrame":"6 months post treatment"}],"secondaryOutcomes":[{"measure":"SEP- Sexual Encounter Profile: Questions 2 and 3","timeFrame":"1, 3 and 6 months post treatment"},{"measure":"GAQ- Global Assessment Questions","timeFrame":"1, 3 and 6 months post treatment"},{"measure":"EHS- Erection Hardness Score","timeFrame":"1, 3 and 6 months post treatment"}]},"eligibilityModule":{"eligibilityCriteria":"Inclusion Criteria:\n\n1. Good general health\n2. Vasculogenic ED- Erectile Dysfunction, according to physician judgment, for at least 6 months and for no longer than 5 years.\n3. International Index of Erectile Function 6 (IIEF-EF) between 17 and 25\n4. Satisfactory response to the use of PDE5 (Phosphodiesterase type 5) inhibitors\n5. Stable sexual relationship for at least 3 months prior to treatment\n6. Minimum of two sexual attempts per month\n\nExclusion Criteria:\n\n1. Hormonal, neurological or psychological pathology\n2. Past radical prostatectomy or extensive pelvic surgery\n3. Recovering from cancer during last year\n4. Any unstable medical, psychiatric, spinal cord injury and penile anatomical abnormalities\n5. Clinically significant chronic hematological disease\n6. Anti-androgens, oral or injectable androgens\n7. Past radiotherapy treatment of the pelvic region\n8. International normalized ratio (INR) \\> 3 for patients using blood thinners (such as Coumadin)","healthyVolunteers":false,"sex":"MALE","minimumAge":"20 Years","maximumAge":"80 Years","stdAges":["ADULT","OLDER_ADULT"]},"contactsLocationsModule":{"locations":[{"facility":"Eastchester Center for Cancer Care","city":"New York","state":"New York","zip":"10469","country":"United States","geoPoint":{"lat":40.71427,"lon":-74.00597}}]},"referencesModule":{"references":[{"pmid":"20451317","type":"BACKGROUND","citation":"Vardi Y, Appel B, Jacob G, Massarwi O, Gruenwald I. Can low-intensity extracorporeal shockwave therapy improve erectile function? A 6-month follow-up pilot study in patients with organic erectile dysfunction. Eur Urol. 2010 Aug;58(2):243-8. doi: 10.1016/j.eururo.2010.04.004. Epub 2010 May 6."},{"pmid":"22999553","type":"BACKGROUND","citation":"Goyal NK, Garg M, Goel A. Re: Does low intensity extracorporeal shock wave therapy have a physiological effect on erectile function? Short-term results of a randomized, double-blind, sham controlled study: Y. Vardi, B. Appel, A. Kilchevsky and I. Gruenwald. J Urol 2012; 187: 1769-1775. J Urol. 2012 Nov;188(5):2018-9. doi: 10.1016/j.juro.2012.07.052. Epub 2012 Sep 20. No abstract available."},{"pmid":"12152111","type":"BACKGROUND","citation":"Rosen RC, Cappelleri JC, Gendrano N 3rd. The International Index of Erectile Function (IIEF): a state-of-the-science review. Int J Impot Res. 2002 Aug;14(4):226-44. doi: 10.1038/sj.ijir.3900857."},{"pmid":"21855209","type":"BACKGROUND","citation":"Rosen RC, Allen KR, Ni X, Araujo AB. Minimal clinically important differences in the erectile function domain of the International Index of Erectile Function scale. Eur Urol. 2011 Nov;60(5):1010-6. doi: 10.1016/j.eururo.2011.07.053. Epub 2011 Jul 30."}]}},"derivedSection":{"miscInfoModule":{"versionHolder":"2024-09-24"},"conditionBrowseModule":{"meshes":[{"id":"D000007172","term":"Erectile Dysfunction"}],"ancestors":[{"id":"D000005832","term":"Genital Diseases, Male"},{"id":"D000091662","term":"Genital Diseases"},{"id":"D000091642","term":"Urogenital Diseases"},{"id":"D000012735","term":"Sexual Dysfunction, Physiological"},{"id":"D000052801","term":"Male Urogenital Diseases"},{"id":"D000020018","term":"Sexual Dysfunctions, Psychological"},{"id":"D000001523","term":"Mental Disorders"}],"browseLeaves":[{"id":"M10217","name":"Erectile Dysfunction","asFound":"Erectile Dysfunction","relevance":"HIGH"},{"id":"M2876","name":"Genital Diseases","relevance":"LOW"},{"id":"M8944","name":"Genital Diseases, Male","relevance":"LOW"},{"id":"M2875","name":"Urogenital Diseases","relevance":"LOW"},{"id":"M15546","name":"Sexual Dysfunction, Physiological","relevance":"LOW"},{"id":"M27095","name":"Male Urogenital Diseases","relevance":"LOW"},{"id":"M21873","name":"Sexual Dysfunctions, Psychological","relevance":"LOW"},{"id":"M14473","name":"Psychotic Disorders","relevance":"LOW"},{"id":"M4815","name":"Mental Disorders","relevance":"LOW"}],"browseBranches":[{"abbrev":"BXS","name":"Urinary Tract, Sexual Organs, and Pregnancy Conditions"},{"abbrev":"BXM","name":"Behaviors and Mental Disorders"},{"abbrev":"All","name":"All Conditions"}]}},"hasResults":false}