{"protocolSection":{"identificationModule":{"nctId":"NCT03143790","orgStudyIdInfo":{"id":"OUHL14.1"},"organization":{"fullName":"Odense University Hospital","class":"OTHER"},"briefTitle":"Ekstracorporal Shock Wave Therapy as a Treatment for Erectile Dysfunction in Men After Prostatectomy","officialTitle":"Ekstracorporal Shock Wave Therapy as a Treatment for Erectile Dysfunction in Men After Prostatectomy","acronym":"ESWT"},"statusModule":{"statusVerifiedDate":"2017-05","overallStatus":"SUSPENDED","whyStopped":"Capacity problems","expandedAccessInfo":{"hasExpandedAccess":false},"startDateStruct":{"date":"2014-08"},"primaryCompletionDateStruct":{"date":"2018-08","type":"ESTIMATED"},"completionDateStruct":{"date":"2018-12","type":"ESTIMATED"},"studyFirstSubmitDate":"2014-08-07","studyFirstSubmitQcDate":"2017-05-04","studyFirstPostDateStruct":{"date":"2017-05-08","type":"ACTUAL"},"lastUpdateSubmitDate":"2017-05-04","lastUpdatePostDateStruct":{"date":"2017-05-08","type":"ACTUAL"}},"sponsorCollaboratorsModule":{"responsibleParty":{"type":"PRINCIPAL_INVESTIGATOR","investigatorFullName":"Martha Haahr M.D","investigatorTitle":"M.D","investigatorAffiliation":"Odense University Hospital"},"leadSponsor":{"name":"Odense University Hospital","class":"OTHER"}},"oversightModule":{"oversightHasDmc":false,"isFdaRegulatedDrug":false,"isFdaRegulatedDevice":false,"isUsExport":false},"descriptionModule":{"briefSummary":"Extra Corporal Shock wave Therapy Has proven effective as treatment with mild to moderate erectile dysfunction in men with erectile dysfunction. Investigator will examine whether the treatment also applies to men with moderate to severe erectile dysfunction after nerve injury associated with prostatectomy.","detailedDescription":"All patients have undergone prostatectomy and are without recurrence. None of the men have sufficient effect of medical treatment for erectile dysfunction (tablets or injection therapy).\n\nEach participant will fill out two validated sexual function questionnaires: IIEF-5 (International Index of Erectile Function), and EHS (Erection Hardness Score).\n\nOur treatment protocol consists of one treatment sessions per week for 5 wk. The shockwaves are delivered to the distal, mid, and proximal penile shaft, and the left and right crura. The duration of each LI-ESWT session was about 20min, and each session comprised 500 shocks per treatment point (3000 per session) at an energy density of 0.15 mJ/mm2.\n\nPatients are randomized to active treatment or placebo.By placebo added a blocking membrane in the machine, handling is carried out exactly the same way as the active treatment. None of the attending staff members will be familiar with who receive active and who receive placebo treatment.\n\nFor evaluation, the International index of erectile function (IIEF-5) will be used after 1, 3- and 6-mo follow-up."},"conditionsModule":{"conditions":["Erectile Function"],"keywords":["Erectile Function","Prostatectomy","Extracorporeal Shock Wave Therapy","IIEF-5"]},"designModule":{"studyType":"INTERVENTIONAL","phases":["NA"],"designInfo":{"allocation":"RANDOMIZED","interventionModel":"PARALLEL","interventionModelDescription":"Randomization to active or placebo treatment.","primaryPurpose":"TREATMENT","maskingInfo":{"masking":"TRIPLE","maskingDescription":"Patient and therapist are blind. Primary investigator is not blind. Unblinding occurs 3 months after the end of treatment","whoMasked":["PARTICIPANT","CARE_PROVIDER","OUTCOMES_ASSESSOR"]}},"enrollmentInfo":{"count":18,"type":"ESTIMATED"}},"armsInterventionsModule":{"armGroups":[{"label":"ESWT","type":"ACTIVE_COMPARATOR","description":"500 shockwave 3 different points on penis bilateral","interventionNames":["Procedure: Extracorporeal Shockwave Terapy"]},{"label":"Placebo","type":"PLACEBO_COMPARATOR","description":"500 shockwave 3 different points on penis bilateral","interventionNames":["Procedure: Extracorporeal Shockwave Terapy"]}],"interventions":[{"type":"PROCEDURE","name":"Extracorporeal Shockwave Terapy","description":"Intervention is treatment with ESWT. Placebo treatment is using the same device as the active treatment, but the shock waves stopped in a non pressure-conductive filter","armGroupLabels":["ESWT","Placebo"],"otherNames":["ESWT"]}]},"outcomesModule":{"primaryOutcomes":[{"measure":"IIEF-5 point","description":"Change in IIEF-5 point","timeFrame":"1, 3 and 6 months"}]},"eligibilityModule":{"eligibilityCriteria":"Inclusion Criteria:\n\n* Erectil dysfunction after radical prostatectomy less than two years ago\n* IIEF - less than 20\n* EHS - less than 4\n\nExclusion Criteria:\n\n* drop out\n* not sexual active\n* penile prostesis","healthyVolunteers":false,"sex":"MALE","genderBased":true,"genderDescription":"Only humans with a penis","minimumAge":"18 Years","maximumAge":"99 Years","stdAges":["ADULT","OLDER_ADULT"]},"contactsLocationsModule":{"locations":[{"facility":"OUH","city":"Odense","zip":"5000","country":"Denmark","geoPoint":{"lat":55.39594,"lon":10.38831}}]},"ipdSharingStatementModule":{"ipdSharing":"NO","description":"All results will be published"}},"derivedSection":{"miscInfoModule":{"versionHolder":"2024-09-24"},"conditionBrowseModule":{"meshes":[{"id":"D000007172","term":"Erectile Dysfunction"}],"ancestors":[{"id":"D000005832","term":"Genital Diseases, Male"},{"id":"D000091662","term":"Genital Diseases"},{"id":"D000091642","term":"Urogenital Diseases"},{"id":"D000012735","term":"Sexual Dysfunction, Physiological"},{"id":"D000052801","term":"Male Urogenital Diseases"},{"id":"D000020018","term":"Sexual Dysfunctions, Psychological"},{"id":"D000001523","term":"Mental Disorders"}],"browseLeaves":[{"id":"M10217","name":"Erectile Dysfunction","asFound":"Erectile Dysfunction","relevance":"HIGH"},{"id":"M15577","name":"Shock","relevance":"LOW"},{"id":"M2876","name":"Genital Diseases","relevance":"LOW"},{"id":"M8944","name":"Genital Diseases, Male","relevance":"LOW"},{"id":"M2875","name":"Urogenital Diseases","relevance":"LOW"},{"id":"M15546","name":"Sexual Dysfunction, Physiological","relevance":"LOW"},{"id":"M27095","name":"Male Urogenital Diseases","relevance":"LOW"},{"id":"M21873","name":"Sexual Dysfunctions, Psychological","relevance":"LOW"},{"id":"M14473","name":"Psychotic Disorders","relevance":"LOW"},{"id":"M4815","name":"Mental Disorders","relevance":"LOW"}],"browseBranches":[{"abbrev":"BXS","name":"Urinary Tract, Sexual Organs, and Pregnancy Conditions"},{"abbrev":"BXM","name":"Behaviors and Mental Disorders"},{"abbrev":"All","name":"All Conditions"},{"abbrev":"BC23","name":"Symptoms and General Pathology"}]}},"hasResults":false}