{"protocolSection":{"identificationModule":{"nctId":"NCT03237143","orgStudyIdInfo":{"id":"BMGC-1"},"organization":{"fullName":"Boston Medical Group","class":"INDUSTRY"},"briefTitle":"Low-intensity Extracorporeal Shock Wave for Erectile Disfunction","officialTitle":"Quality of Erections After Completing a Low-intensity Extracorporeal Shock Wave Treatment Cycle"},"statusModule":{"statusVerifiedDate":"2017-08","overallStatus":"TERMINATED","whyStopped":"The research question was resolved in a metanalysis","expandedAccessInfo":{"hasExpandedAccess":false},"startDateStruct":{"date":"2015-06-01","type":"ACTUAL"},"primaryCompletionDateStruct":{"date":"2016-01-30","type":"ACTUAL"},"completionDateStruct":{"date":"2016-06-30","type":"ACTUAL"},"studyFirstSubmitDate":"2017-07-31","studyFirstSubmitQcDate":"2017-07-31","studyFirstPostDateStruct":{"date":"2017-08-02","type":"ACTUAL"},"lastUpdateSubmitDate":"2019-02-01","lastUpdatePostDateStruct":{"date":"2019-02-05","type":"ACTUAL"}},"sponsorCollaboratorsModule":{"responsibleParty":{"type":"SPONSOR"},"leadSponsor":{"name":"Boston Medical Group","class":"INDUSTRY"}},"oversightModule":{"oversightHasDmc":false,"isFdaRegulatedDrug":false,"isFdaRegulatedDevice":false},"descriptionModule":{"briefSummary":"Introduction: Erectile dysfunction occurs in a high percentage of patients today, showing not only an association with various pathologies but also frequent refractoriness to conventional pharmacological treatment options such as monotherapy. The objective of this study is to evaluate the response to low-intensity extracorporeal shock wave therapy in a group of patients with organic vascular erectile dysfunction with a history of more than three months.\n\nMaterials and Methods: Observational retrospective study. The researchers reviewed clinical records of patients with a clinical diagnosis of organic vascular erectile dysfunction (ED) of more than 3 months duration, who received 5 outpatient shock wave therapy sessions, in the male sexual health clinics of the Boston Medical Group from Spain and Mexico. The patients were evaluated with the erection hardness score (EHS) before the first session, at the end of the last session and one month after the last session.","detailedDescription":"Clinical records of patients over 18 years of age with a clinical diagnosis of organic vascular ED, of more than three months and with an erection hardness score (EHS)(17) of three or less, treated between April 2014 and February 2015 in the Boston Medical Group male sexual health clinics of twelve cities in Spain (Madrid, Barcelona, Valencia, Seville, Coruña, Bilbao, Malaga, Zaragoza, Murcia, Alicante, Cordoba and Jerez) and four in Mexico (Altavista, Reforma, Monterrey and Naucalpan), were reviewed. The researchers excluded patients with ED caused by side effects from drugs or spinal cord injury; situational ED (obvious psychological origin); lesions, loss of skin or penile implant; and patients who did not adequately complete the LI-ESWT (Low-intensity extracorporeal shock wave therapy).\n\nAfter the initial assessment and diagnosis consultation, each patient received a treatment of 5 sessions (1 session per week) of 20 minutes of LI-ESWT, carried out with the DUOLITH SD1 (Storz Tägerwilen, Switzerland). They received 3,000 impulses per session at 0.1 mJ/mm2, divided over six sites, four on the penis and two on the crura. All sessions were outpatient visits and no anaesthetic was used. The EHS for all patients was measured at three stages: before the first session, at the end of the last session (5 weeks after the first session) and one month after the last session. When patients were receiving concomitant drug treatment for their dysfunction, they were asked to indicate their perception free of the effect thereof. All the clinical information was recorded by qualified physicians on a standardised form using centralised software on a secure server."},"conditionsModule":{"conditions":["Erectile Dysfunction"]},"designModule":{"studyType":"OBSERVATIONAL","patientRegistry":false,"designInfo":{"observationalModel":"COHORT","timePerspective":"RETROSPECTIVE"},"enrollmentInfo":{"count":710,"type":"ACTUAL"}},"outcomesModule":{"primaryOutcomes":[{"measure":"Erection hardness score","description":"Erection hardness score (EHS)","timeFrame":"one month after the last session"}],"secondaryOutcomes":[{"measure":"Erection hardness score","description":"Erection hardness score (EHS)","timeFrame":"At the end after the last session"}]},"eligibilityModule":{"eligibilityCriteria":"Inclusion Criteria:\n\n* patients over 18 years of age\n* clinical diagnosis of organic vascular ED of more than three months and with an erection hardness score (EHS) of three or less\n\nExclusion Criteria:\n\n* patients with ED caused by side effects from drugs or spinal cord injury\n* situational ED (obvious psychological origin)\n* lesions, loss of skin or penile implant\n* patients who did not adequately complete the LI-ESWT","healthyVolunteers":false,"sex":"MALE","minimumAge":"18 Years","stdAges":["ADULT","OLDER_ADULT"],"studyPopulation":"Patients treated between April 2014 and February 2015 in the Boston Medical Group male sexual health clinics of twelve cities in Spain (Madrid, Barcelona, Valencia, Seville, Coruña, Bilbao, Malaga, Zaragoza, Murcia, Alicante, Cordoba and Jerez) and four in Mexico (Altavista, Reforma, Monterrey and Naucalpan)","samplingMethod":"NON_PROBABILITY_SAMPLE"},"referencesModule":{"references":[{"pmid":"29430250","type":"DERIVED","citation":"Ayala HAC, Cuartas JPS, Cleves DC. Impact on the Quality of Erections after Completing a Low-Intensity Extracorporeal Shock Wave Treatment Cycle on a Group of 710 Patients. Adv Urol. 2017;2017:1843687. doi: 10.1155/2017/1843687. Epub 2017 Dec 21."}]},"ipdSharingStatementModule":{"ipdSharing":"NO"}},"derivedSection":{"miscInfoModule":{"versionHolder":"2024-09-24"},"conditionBrowseModule":{"meshes":[{"id":"D000007172","term":"Erectile Dysfunction"}],"ancestors":[{"id":"D000005832","term":"Genital Diseases, Male"},{"id":"D000091662","term":"Genital Diseases"},{"id":"D000091642","term":"Urogenital Diseases"},{"id":"D000012735","term":"Sexual Dysfunction, Physiological"},{"id":"D000052801","term":"Male Urogenital Diseases"},{"id":"D000020018","term":"Sexual Dysfunctions, Psychological"},{"id":"D000001523","term":"Mental Disorders"}],"browseLeaves":[{"id":"M10217","name":"Erectile Dysfunction","asFound":"Erectile Dysfunction","relevance":"HIGH"},{"id":"M15577","name":"Shock","relevance":"LOW"},{"id":"M2876","name":"Genital Diseases","relevance":"LOW"},{"id":"M8944","name":"Genital Diseases, Male","relevance":"LOW"},{"id":"M2875","name":"Urogenital Diseases","relevance":"LOW"},{"id":"M15546","name":"Sexual Dysfunction, Physiological","relevance":"LOW"},{"id":"M27095","name":"Male Urogenital Diseases","relevance":"LOW"},{"id":"M21873","name":"Sexual Dysfunctions, Psychological","relevance":"LOW"},{"id":"M14473","name":"Psychotic Disorders","relevance":"LOW"},{"id":"M4815","name":"Mental Disorders","relevance":"LOW"}],"browseBranches":[{"abbrev":"BXS","name":"Urinary Tract, Sexual Organs, and Pregnancy Conditions"},{"abbrev":"BXM","name":"Behaviors and Mental Disorders"},{"abbrev":"All","name":"All Conditions"},{"abbrev":"BC23","name":"Symptoms and General Pathology"}]}},"hasResults":false}