{"protocolSection":{"identificationModule":{"nctId":"NCT04333173","orgStudyIdInfo":{"id":"101010"},"organization":{"fullName":"Clinica San Gaudenzio","class":"OTHER"},"briefTitle":"Endovascular Therapy for Erectile Dysfunction","officialTitle":"ENDOVASCULAR THERAPY REGISTRY FOR ERECTILE DYSFUNCTION","acronym":"RE-ACTION"},"statusModule":{"statusVerifiedDate":"2020-04","overallStatus":"COMPLETED","expandedAccessInfo":{"hasExpandedAccess":false},"startDateStruct":{"date":"2017-02-01","type":"ACTUAL"},"primaryCompletionDateStruct":{"date":"2020-01-01","type":"ACTUAL"},"completionDateStruct":{"date":"2020-01-01","type":"ACTUAL"},"studyFirstSubmitDate":"2020-04-01","studyFirstSubmitQcDate":"2020-04-01","studyFirstPostDateStruct":{"date":"2020-04-03","type":"ACTUAL"},"lastUpdateSubmitDate":"2020-04-01","lastUpdatePostDateStruct":{"date":"2020-04-03","type":"ACTUAL"}},"sponsorCollaboratorsModule":{"responsibleParty":{"type":"PRINCIPAL_INVESTIGATOR","investigatorFullName":"Giuseppe Sangiorgi","investigatorTitle":"Prof","investigatorAffiliation":"Clinica San Gaudenzio"},"leadSponsor":{"name":"Clinica San Gaudenzio","class":"OTHER"}},"oversightModule":{"oversightHasDmc":true,"isFdaRegulatedDrug":false,"isFdaRegulatedDevice":false},"descriptionModule":{"briefSummary":"Brief Summary: Background and pathophysiology Erectile dysfunction is a serious disease with a significant impact on the quality of life. Male erection is a complex mechanism that involves neuro-vascular tissue responses with several phases including arterial dilatation, smooth muscle cells relaxation and ultimately veno-occlusive activation. Vasculogenic erectile dysfunction can be divided in arteriogenic (when there is insufficiency of arterial component of erection due to atherosclerotic plaque encroachment of the penile arteries) or venogenic (where there is insufficiency of the venous component of erection for venous endoleak) Standard treatment Erectile dysfunction is commonly treated by oral phosphodiesterase-5-inhbitor (PDE5i) administration. However, up to 50% of men have a suboptimal response to PDE5-i therapy with the need of additional therapies. New treatment Only recently several studies have been published on percutaneous treatment of ED using POBA, Drug eluting balloons (both paclitaxel and sirolimus, PEB and SES) and drug eluting stents (DES).\n\nAim of the study The study was aimed at evaluating both arteriogenic and venogenic endovascular treatments in patients affected by erectile dysfunction in an Italian patient cohort.","detailedDescription":"Detailed Description: The objective of this study is to evaluate of the safety and feasibility of endovascular therapies in segmental atherosclerotic lesions of the internal pudendal arteries among men with erectile dysfunction (ED) and no-response to phosphodiesterase-5 inhibitors for at least 6 months either at increasing dosage or with different drugs routinely utilized in this setting) before enrollment. All patients will be screened by IIEF-5 questionnaire (IEF-5 Score \\< 15 points); Penile Dynamic Doppler ultrasound with intracavernous injection of Caverject (cut-off for Inflow insufficiency: PSV \\<25 cm s-1, EDV \\<5 cm s-1, RI \\> 0.8; cut-off for Venous leakage: PSV \\> 25 cm s-1, EDV \\> 5 cm s-1, RI \\< 0.8; cut-off for mixed pathology: PSV \\< 25 cm s-1, EDV \\> 5 cm s-1, RI \\< 0.8); and/or positive angio-CT scan for stenosis of the penile arteries of venous insufficiency. All patients will be treated either by POBA+PES/SES or in case of suboptimal result (angiographic residual stenosis \\> 30%) with DES implantation. All patients will be discharged with dual antiplatelet therapy for 3 months and with Cialis 5 mg daily for 30 days. Patients will be followed at 1 mos with IIEF questionnaire, 3 months with IIE-5 questionnaire, 8 months with IIEF questionnaire and Dynamic Doppler ultrasound evaluation, and 12 months with IIEF-5 questionnaire and Dynamic Doppler ultrasound evaluation. Primary endpoints will be the delta of IEF-5 score between basal and 8 months FU (\\>5 points). Delta PSV (\\>8 points of cm/sec at the Dynamic Doppler evaluation) between basal and 8 mos follow-up. 1. Secondary endpoints will be a) Incidence of MAE (Death, MI, Stroke), 2) Binary restenosis and late loss in patients who will repeat control angiography if clinically indicated for ED recurrence (clinically evaluated by either needs to reintroduce/increase PDEF5i dosage on-demand, delta IEF-5 \\<5 compared to 1 mos FU after 6 mos FU) or in patients with bilateral disease with scheduled procedure after 6 mos FU from the index procedure."},"conditionsModule":{"conditions":["Erectile Dysfunction"],"keywords":["ED"]},"designModule":{"studyType":"OBSERVATIONAL","patientRegistry":false,"designInfo":{"observationalModel":"COHORT","timePerspective":"RETROSPECTIVE"},"enrollmentInfo":{"count":300,"type":"ACTUAL"}},"armsInterventionsModule":{"armGroups":[{"label":"Active endovascular treatment","description":"Patients with erectile dysfunction (ED) and no-response to phosphodiesterase-5 inhibitors for at least 6 months before enrollment","interventionNames":["Procedure: endovascular procedure"]}],"interventions":[{"type":"PROCEDURE","name":"endovascular procedure","description":"Endovascular therapies for erectile dysfunction","armGroupLabels":["Active endovascular treatment"]}]},"outcomesModule":{"primaryOutcomes":[{"measure":"IEF-5 SCORE VARIATION AFTER ENDOVASCULAR","description":"INTERNATIONAL INDEX OF ERECTILE FUNCTION","timeFrame":"6 months"}],"secondaryOutcomes":[{"measure":"PSV VARIATION AFTER ENDOVASCULAR TREATMENT","description":"PUDENDAL DOPPLER PEAK SYSTOLIC VELOCITY","timeFrame":"6 month"},{"measure":"ADVERSE EVENTS","description":"Procedural complications; cardiovascular events during follow-up","timeFrame":"6-12 months"}]},"eligibilityModule":{"eligibilityCriteria":"Inclusion Criteria:\n\n* Age \\> 18 years old\n* Be able to understand and sign a witnessed informed consent for the procedure\n* Eligibility for percutaneous peripheral intervention\n* Baseline IIEF-5 score evaluation \\< 15\n* PSV \\< 25 cm/sec\n* Stable hemodynamic conditions\n* Normal ejection fraction\n* Being refractory to oral PDE5-I for at least 6 months before enrollement\n* Treatable angiographic lesions of the pudendal arteries\n\nExclusion Criteria:\n\n* Heart failure\n* Hemodynamic instability\n* Basal IIEF-5 and doppler examination\n* Blood count not within normal ranges\n* No history of bleeding or coagulopathy\n* No other serious medical illness\n* Other investigational drug or device study\n* Pudendal artery \\< 1.5 mm and lesion lenght greater than 80 mm by visual estimation\n* Pudendal restenosis from previous intervention","sex":"MALE","minimumAge":"18 Years","stdAges":["ADULT","OLDER_ADULT"],"studyPopulation":"Patients with erectile dysfunction (ED) and no-response to phosphodiesterase-5 inhibitors for at least 6 months before enrollment","samplingMethod":"NON_PROBABILITY_SAMPLE"},"contactsLocationsModule":{"locations":[{"facility":"Centro Cuore","city":"Novara","country":"Italy","geoPoint":{"lat":45.44694,"lon":8.62118}}]},"referencesModule":{"references":[{"pmid":"27729664","type":"BACKGROUND","citation":"Sangiorgi G, Colantonio R, Antonini G, Savino A, Sperandio M. [Percutaneous intervention therapy for vascular erectile dysfunction]. G Ital Cardiol (Rome). 2016 Oct;17(10 Suppl 1):12S-21. doi: 10.1714/2372.25474. Italian."},{"pmid":"31104902","type":"BACKGROUND","citation":"Doppalapudi SK, Wajswol E, Shukla PA, Kolber MK, Singh MK, Kumar A, Fischman A, Rastinehad AR. Endovascular Therapy for Vasculogenic Erectile Dysfunction: A Systematic Review and Meta-Analysis of Arterial and Venous Therapies. J Vasc Interv Radiol. 2019 Aug;30(8):1251-1258.e2. doi: 10.1016/j.jvir.2019.01.024. Epub 2019 May 17."},{"pmid":"30741067","type":"BACKGROUND","citation":"Diehm N, Marggi S, Ueki Y, Schumacher D, Keo HH, Regli C, Do DD, Moeltgen T, Grimsehl P, Wyler S, Schoenhofen H, Raber L, Schumacher M. Endovascular Therapy for Erectile Dysfunction-Who Benefits Most? Insights From a Single-Center Experience. J Endovasc Ther. 2019 Apr;26(2):181-190. doi: 10.1177/1526602819829903. Epub 2019 Feb 11."}]},"ipdSharingStatementModule":{"ipdSharing":"NO"}},"derivedSection":{"miscInfoModule":{"versionHolder":"2024-09-24"},"conditionBrowseModule":{"meshes":[{"id":"D000007172","term":"Erectile Dysfunction"}],"ancestors":[{"id":"D000005832","term":"Genital Diseases, Male"},{"id":"D000091662","term":"Genital Diseases"},{"id":"D000091642","term":"Urogenital Diseases"},{"id":"D000012735","term":"Sexual Dysfunction, Physiological"},{"id":"D000052801","term":"Male Urogenital Diseases"},{"id":"D000020018","term":"Sexual Dysfunctions, Psychological"},{"id":"D000001523","term":"Mental Disorders"}],"browseLeaves":[{"id":"M10217","name":"Erectile Dysfunction","asFound":"Erectile Dysfunction","relevance":"HIGH"},{"id":"M2876","name":"Genital Diseases","relevance":"LOW"},{"id":"M8944","name":"Genital Diseases, Male","relevance":"LOW"},{"id":"M2875","name":"Urogenital Diseases","relevance":"LOW"},{"id":"M15546","name":"Sexual Dysfunction, Physiological","relevance":"LOW"},{"id":"M27095","name":"Male Urogenital Diseases","relevance":"LOW"},{"id":"M21873","name":"Sexual Dysfunctions, Psychological","relevance":"LOW"},{"id":"M14473","name":"Psychotic Disorders","relevance":"LOW"},{"id":"M4815","name":"Mental Disorders","relevance":"LOW"}],"browseBranches":[{"abbrev":"BXS","name":"Urinary Tract, Sexual Organs, and Pregnancy Conditions"},{"abbrev":"BXM","name":"Behaviors and Mental Disorders"},{"abbrev":"All","name":"All Conditions"}]},"interventionBrowseModule":{"browseLeaves":[{"id":"M29332","name":"Phosphodiesterase 5 Inhibitors","relevance":"LOW"}],"browseBranches":[{"abbrev":"All","name":"All Drugs and Chemicals"}]}},"hasResults":false}