{"protocolSection":{"identificationModule":{"nctId":"NCT01274156","orgStudyIdInfo":{"id":"3060 RMB"},"organization":{"fullName":"Rambam Health Care Campus","class":"OTHER"},"briefTitle":"Double Blind Placebo Controlled Study on the Effect of Extracorporal Shock Wave Therapy on Erectile Dysfunction","officialTitle":"The Effect of Low Intensity Shock Wave Therapy on Erectile Dysfunction in Patients Responding to PDE5i's","acronym":"LI-ESWT"},"statusModule":{"statusVerifiedDate":"2011-01","overallStatus":"COMPLETED","expandedAccessInfo":{"hasExpandedAccess":false},"startDateStruct":{"date":"2010-08"},"primaryCompletionDateStruct":{"date":"2010-11","type":"ACTUAL"},"completionDateStruct":{"date":"2010-11","type":"ACTUAL"},"studyFirstSubmitDate":"2010-12-14","studyFirstSubmitQcDate":"2011-01-10","studyFirstPostDateStruct":{"date":"2011-01-11","type":"ESTIMATED"},"lastUpdateSubmitDate":"2011-01-10","lastUpdatePostDateStruct":{"date":"2011-01-11","type":"ESTIMATED"}},"sponsorCollaboratorsModule":{"responsibleParty":{"oldNameTitle":"Prof Yoram Vardi","oldOrganization":"Rambam Healthcare Campus"},"leadSponsor":{"name":"Rambam Health Care Campus","class":"OTHER"},"collaborators":[{"name":"Medispec","class":"INDUSTRY"}]},"oversightModule":{"oversightHasDmc":false},"descriptionModule":{"briefSummary":"This study aims to evaluate the effect of shockwave therapy on erectile dysfunction on patients responding to PDE5i therapy in a sham controlled randomized double blind manner.","detailedDescription":"This study aims to evaluate the effect of a 12-session low intensity shockwave therapy protocol for patients with erectile dysfunction."},"conditionsModule":{"conditions":["Erectile Dysfunction"],"keywords":["Erectile dysfunction","Low Intensity Shock Wave"]},"designModule":{"studyType":"INTERVENTIONAL","phases":["PHASE3"],"designInfo":{"allocation":"RANDOMIZED","interventionModel":"PARALLEL","primaryPurpose":"TREATMENT","maskingInfo":{"masking":"QUADRUPLE","whoMasked":["PARTICIPANT","CARE_PROVIDER","INVESTIGATOR","OUTCOMES_ASSESSOR"]}},"enrollmentInfo":{"count":60,"type":"ACTUAL"}},"armsInterventionsModule":{"armGroups":[{"label":"shock wave treatment","type":"ACTIVE_COMPARATOR","interventionNames":["Device: \"MEDISPEC\" treatment probe","Device: \"MEDISPEC\" Low intensity shock waves"]},{"label":"\"MEDISPEC\" Sham","type":"SHAM_COMPARATOR","description":"\"MEDISPEC\" Probe does not deliver energy but creates same noise and sensation of active probe","interventionNames":["Device: \"MEDISPEC\" Sham Probe","Device: Sham"]}],"interventions":[{"type":"DEVICE","name":"\"MEDISPEC\" treatment probe","description":"300 shocks in 5 different anatomical locations of the penis.","armGroupLabels":["shock wave treatment"],"otherNames":["VASCUSPEC"]},{"type":"DEVICE","name":"\"MEDISPEC\" Sham Probe","description":"Sham probe applied same as treatment probe without energy","armGroupLabels":["\"MEDISPEC\" Sham"],"otherNames":["VASCUSPEC"]},{"type":"DEVICE","name":"\"MEDISPEC\" Low intensity shock waves","description":"Treatment parameters will be as follows: Intensity: 0.09 mj/mm2 ,300 shocks per site, on 5 penile anatomical sites. Total number of shock waves: 1500/ session Frequency of 120/min","armGroupLabels":["shock wave treatment"],"otherNames":["VASCULOSPEC"]},{"type":"DEVICE","name":"Sham","description":"Probe does not deliver energy but creates same noise and sensation of active probe","armGroupLabels":["\"MEDISPEC\" Sham"],"otherNames":["Vasculospec"]}]},"outcomesModule":{"primaryOutcomes":[{"measure":"International Index of Erectile function- Erectile Function Domain","description":"An increase in score of 5points and above will be considered success.","timeFrame":"At screening and 17 weeks later at last visit"}],"secondaryOutcomes":[{"measure":"Rigidity scale","description":"A change from 1,2 to a result of 3 or 4 of the rigidity scale points will be considered success","timeFrame":"At screening and 17 weeks later at last visit"},{"measure":"Flow Mediated Dilatation Technique","description":"A specialized sphygmomanometer cuff located at the penile base, is inflated to 50 mm Hg for 5min to induce a venous filling. A mercury strain gauge is placed at least 1-2 cm above the penile cuff. Baseline penile blood flow is obtained. Postischemic penile blood flow is then recorded immediately after the deflation, until a return to baseline flow is observed. An increase in blood flow above 30% will be considered success.","timeFrame":"At screening and 17 weeks later at last visit"}]},"eligibilityModule":{"eligibilityCriteria":"Inclusion Criteria:\n\n* ED of more than 6 months\n* Rigidity score ≥ 3 under PDE5i therapy\n* SHIM ≤21 under PDE5i therapy\n* Non- hormonal, neurological or psychological pathology\n* Stable heterosexual relationship for more than 3 months\n\nExclusion Criteria:\n\n* Prior prostatectomy surgery\n* Any unstable medical, psychiatric, spinal cord injury and penile anatomical abnormalities\n* Clinically significant chronic hematological disease\n* Anti-androgens, oral or injectable androgens\n* Radiotherapy in pelvic region","healthyVolunteers":false,"sex":"MALE","minimumAge":"20 Years","maximumAge":"80 Years","stdAges":["ADULT","OLDER_ADULT"]},"contactsLocationsModule":{"locations":[{"facility":"Rambam Health Care Campus","city":"Haifa","zip":"31096","country":"Israel","geoPoint":{"lat":32.81841,"lon":34.9885}}]}},"derivedSection":{"miscInfoModule":{"versionHolder":"2024-09-24"},"conditionBrowseModule":{"meshes":[{"id":"D000007172","term":"Erectile Dysfunction"}],"ancestors":[{"id":"D000005832","term":"Genital Diseases, Male"},{"id":"D000091662","term":"Genital Diseases"},{"id":"D000091642","term":"Urogenital Diseases"},{"id":"D000012735","term":"Sexual Dysfunction, Physiological"},{"id":"D000052801","term":"Male Urogenital Diseases"},{"id":"D000020018","term":"Sexual Dysfunctions, Psychological"},{"id":"D000001523","term":"Mental Disorders"}],"browseLeaves":[{"id":"M10217","name":"Erectile Dysfunction","asFound":"Erectile Dysfunction","relevance":"HIGH"},{"id":"M15577","name":"Shock","relevance":"LOW"},{"id":"M2876","name":"Genital Diseases","relevance":"LOW"},{"id":"M8944","name":"Genital Diseases, Male","relevance":"LOW"},{"id":"M2875","name":"Urogenital Diseases","relevance":"LOW"},{"id":"M15546","name":"Sexual Dysfunction, Physiological","relevance":"LOW"},{"id":"M27095","name":"Male Urogenital Diseases","relevance":"LOW"},{"id":"M21873","name":"Sexual Dysfunctions, Psychological","relevance":"LOW"},{"id":"M14473","name":"Psychotic Disorders","relevance":"LOW"},{"id":"M4815","name":"Mental Disorders","relevance":"LOW"}],"browseBranches":[{"abbrev":"BXS","name":"Urinary Tract, Sexual Organs, and Pregnancy Conditions"},{"abbrev":"BXM","name":"Behaviors and Mental Disorders"},{"abbrev":"All","name":"All Conditions"},{"abbrev":"BC23","name":"Symptoms and General Pathology"}]}},"hasResults":false}