{"protocolSection":{"identificationModule":{"nctId":"NCT00415571","orgStudyIdInfo":{"id":"101-50608"},"organization":{"fullName":"QuatRx Pharmaceuticals Company","class":"INDUSTRY"},"briefTitle":"Efficacy and Safety Evaluating Fispemifene in the Treatment of Hypogonadal Men With Erectile Dysfunction Unresponsive to PDE5 Inhibitors","officialTitle":"Efficacy and Safety of Fispemifene in the Treatment of Hypogonadal Men With Erectile Dysfunction Unresponsive to PDE5 Inhibitors: An 8-Week, Randomized, Double-Blind, Placebo-Controlled Study"},"statusModule":{"statusVerifiedDate":"2010-02","overallStatus":"COMPLETED","expandedAccessInfo":{"hasExpandedAccess":false},"startDateStruct":{"date":"2006-12"},"completionDateStruct":{"date":"2008-08","type":"ACTUAL"},"studyFirstSubmitDate":"2006-12-21","studyFirstSubmitQcDate":"2006-12-22","studyFirstPostDateStruct":{"date":"2006-12-25","type":"ESTIMATED"},"lastUpdateSubmitDate":"2010-02-02","lastUpdatePostDateStruct":{"date":"2010-02-03","type":"ESTIMATED"}},"sponsorCollaboratorsModule":{"responsibleParty":{"oldNameTitle":"Janice Margulies/ Development Scientist","oldOrganization":"QUATRx"},"leadSponsor":{"name":"QuatRx Pharmaceuticals Company","class":"INDUSTRY"},"collaborators":[{"name":"Hormos Medical","class":"INDUSTRY"}]},"descriptionModule":{"briefSummary":"The objective of the study is to assess and compare the preliminary efficacy, safety and tolerability of fispemifene 300 mg and placebo given once daily for 8 weeks in the treatment of hypogonadal men with erectile dysfunction (ED) unresponsive to PDE5 inhibitors."},"conditionsModule":{"conditions":["Hypogonadism","Erectile Dysfunction"],"keywords":["Hypogonadism","Erectile Dysfunction"]},"designModule":{"studyType":"INTERVENTIONAL","phases":["PHASE2"],"designInfo":{"allocation":"RANDOMIZED","interventionModel":"PARALLEL","primaryPurpose":"TREATMENT","maskingInfo":{"masking":"QUADRUPLE","whoMasked":["PARTICIPANT","CARE_PROVIDER","INVESTIGATOR","OUTCOMES_ASSESSOR"]}},"enrollmentInfo":{"count":72,"type":"ESTIMATED"}},"armsInterventionsModule":{"interventions":[{"type":"DRUG","name":"Fispemifene (once daily for 8 weeks)"}]},"outcomesModule":{"primaryOutcomes":[{"measure":"Change in the IIEF erectile function domain score from baseline to Week 8/Early Termination;"},{"measure":"Change in total testosterone levels from baseline to Week 8/Early Termination"}]},"eligibilityModule":{"eligibilityCriteria":"Inclusion Criteria:\n\n* Hypogonadal (morning total testosterone levels ≤400 ng/dl) men age ≥20 with ED who are unresponsive to PDE5 inhibitors, as demonstrated by International Index of Erectile Function (IIEF) results for 28-day lead in period.","healthyVolunteers":false,"sex":"MALE","minimumAge":"20 Years","stdAges":["ADULT","OLDER_ADULT"]},"contactsLocationsModule":{"locations":[{"facility":"Radiant Research","city":"Birmingham","state":"Alabama","zip":"35209","country":"United States","geoPoint":{"lat":33.52066,"lon":-86.80249}},{"facility":"Genova Clinical Research","city":"Tucson","state":"Arizona","zip":"85741","country":"United States","geoPoint":{"lat":32.22174,"lon":-110.92648}},{"facility":"HealthStar Research","city":"Hot Springs","state":"Arkansas","zip":"71913","country":"United States","geoPoint":{"lat":34.5037,"lon":-93.05518}},{"facility":"Genesis Research International","city":"Longwood","state":"Florida","zip":"32779","country":"United States","geoPoint":{"lat":28.70305,"lon":-81.3384}},{"facility":"Renstar Medical Research","city":"Ocala","state":"Florida","zip":"34471","country":"United States","geoPoint":{"lat":29.1872,"lon":-82.14009}},{"facility":"Radiant Research","city":"West Palm Beach","state":"Florida","zip":"33407","country":"United States","geoPoint":{"lat":26.71534,"lon":-80.05337}},{"facility":"Regional Urology","city":"Shreveport","state":"Louisiana","zip":"71106","country":"United States","geoPoint":{"lat":32.52515,"lon":-93.75018}},{"facility":"Office of Stephen Miller","city":"Las Vegas","state":"Nevada","zip":"89144","country":"United States","geoPoint":{"lat":36.17497,"lon":-115.13722}},{"facility":"Hamilton Urology","city":"Hamilton","state":"New Jersey","zip":"08690","country":"United States","geoPoint":{"lat":40.20706,"lon":-74.08125}},{"facility":"Center for Urologic Research of WNY, LLC","city":"Williamsville","state":"New York","zip":"14221","country":"United States","geoPoint":{"lat":42.96395,"lon":-78.73781}},{"facility":"Metrolina Urology Clinic","city":"Charlotte","state":"North Carolina","zip":"28207","country":"United States","geoPoint":{"lat":35.22709,"lon":-80.84313}},{"facility":"NorthEast Urology research","city":"Concord","state":"North Carolina","zip":"28025","country":"United States","geoPoint":{"lat":35.40888,"lon":-80.58158}},{"facility":"Urology Associates, P.C.","city":"Nashville","state":"Tennessee","zip":"37209","country":"United States","geoPoint":{"lat":36.16589,"lon":-86.78444}},{"facility":"Radiant Research","city":"San Antonio","state":"Texas","zip":"78229","country":"United States","geoPoint":{"lat":29.42412,"lon":-98.49363}}]},"referencesModule":{"references":[{"pmid":"8254833","type":"BACKGROUND","citation":"Feldman HA, Goldstein I, Hatzichristou DG, Krane RJ, McKinlay JB. Impotence and its medical and psychosocial correlates: results of the Massachusetts Male Aging Study. J Urol. 1994 Jan;151(1):54-61. doi: 10.1016/s0022-5347(17)34871-1."},{"pmid":"8510302","type":"BACKGROUND","citation":"NIH Consensus Conference. Impotence. NIH Consensus Development Panel on Impotence. JAMA. 1993 Jul 7;270(1):83-90. No abstract available."},{"pmid":"10647654","type":"BACKGROUND","citation":"Johannes CB, Araujo AB, Feldman HA, Derby CA, Kleinman KP, McKinlay JB. Incidence of erectile dysfunction in men 40 to 69 years old: longitudinal results from the Massachusetts male aging study. J Urol. 2000 Feb;163(2):460-3."},{"pmid":"15766322","type":"BACKGROUND","citation":"Campbell HE. Clinical monograph for drug formulary review: erectile dysfunction agents. J Manag Care Pharm. 2005 Mar;11(2):151-71. doi: 10.18553/jmcp.2005.11.2.151."},{"pmid":"12841917","type":"BACKGROUND","citation":"Salonia A, Rigatti P, Montorsi F. Sildenafil in erectile dysfunction: a critical review. Curr Med Res Opin. 2003;19(4):241-62. doi: 10.1185/030079903125001839."},{"pmid":"16720669","type":"BACKGROUND","citation":"Bhasin S, Cunningham GR, Hayes FJ, Matsumoto AM, Snyder PJ, Swerdloff RS, Montori VM. Testosterone therapy in adult men with androgen deficiency syndromes: an endocrine society clinical practice guideline. J Clin Endocrinol Metab. 2006 Jun;91(6):1995-2010. doi: 10.1210/jc.2005-2847. Epub 2006 May 23. Erratum In: J Clin Endocrinol Metab. 2006 Jul;91(7):2688. J Clin Endocrinol Metab. 2021 Jun 16;106(7):e2843. doi: 10.1210/clinem/dgab306."},{"pmid":"15146093","type":"BACKGROUND","citation":"Albrecht-Betancourt M, Hijazi RA, Cunningham GR. Androgen replacement in men with hypogonadism and erectile dysfunction. Endocrine. 2004 Mar-Apr;23(2-3):143-8. doi: 10.1385/ENDO:23:2-3:143."},{"pmid":"16422803","type":"BACKGROUND","citation":"Shabsigh R. Testosterone therapy in erectile dysfunction and hypogonadism. J Sex Med. 2005 Nov;2(6):785-92. doi: 10.1111/j.1743-6109.2005.00139.x."},{"pmid":"12898793","type":"BACKGROUND","citation":"Kalinchenko SY, Kozlov GI, Gontcharov NP, Katsiya GV. Oral testosterone undecanoate reverses erectile dysfunction associated with diabetes mellitus in patients failing on sildenafil citrate therapy alone. Aging Male. 2003 Jun;6(2):94-9."},{"pmid":"12699447","type":"BACKGROUND","citation":"Aversa A, Isidori AM, Spera G, Lenzi A, Fabbri A. Androgens improve cavernous vasodilation and response to sildenafil in patients with erectile dysfunction. Clin Endocrinol (Oxf). 2003 May;58(5):632-8. doi: 10.1046/j.1365-2265.2003.01764.x."},{"pmid":"15247755","type":"BACKGROUND","citation":"Shabsigh R, Kaufman JM, Steidle C, Padma-Nathan H. Randomized study of testosterone gel as adjunctive therapy to sildenafil in hypogonadal men with erectile dysfunction who do not respond to sildenafil alone. J Urol. 2004 Aug;172(2):658-63. doi: 10.1097/01.ju.0000132389.97804.d7."},{"pmid":"16529577","type":"BACKGROUND","citation":"Yassin AA, Saad F, Diede HE. Testosterone and erectile function in hypogonadal men unresponsive to tadalafil: results from an open-label uncontrolled study. Andrologia. 2006 Apr;38(2):61-8. doi: 10.1111/j.1439-0272.2006.00712.x."}]}},"derivedSection":{"miscInfoModule":{"versionHolder":"2024-09-24"},"conditionBrowseModule":{"meshes":[{"id":"D000007172","term":"Erectile Dysfunction"},{"id":"D000007006","term":"Hypogonadism"}],"ancestors":[{"id":"D000005832","term":"Genital Diseases, Male"},{"id":"D000091662","term":"Genital Diseases"},{"id":"D000091642","term":"Urogenital Diseases"},{"id":"D000012735","term":"Sexual Dysfunction, Physiological"},{"id":"D000052801","term":"Male Urogenital Diseases"},{"id":"D000020018","term":"Sexual Dysfunctions, Psychological"},{"id":"D000001523","term":"Mental Disorders"},{"id":"D000006058","term":"Gonadal Disorders"},{"id":"D000004700","term":"Endocrine System Diseases"}],"browseLeaves":[{"id":"M10217","name":"Erectile Dysfunction","asFound":"Erectile Dysfunction","relevance":"HIGH"},{"id":"M10056","name":"Hypogonadism","asFound":"Hypogonadism","relevance":"HIGH"},{"id":"M2876","name":"Genital Diseases","relevance":"LOW"},{"id":"M8944","name":"Genital Diseases, Male","relevance":"LOW"},{"id":"M2875","name":"Urogenital Diseases","relevance":"LOW"},{"id":"M15546","name":"Sexual Dysfunction, Physiological","relevance":"LOW"},{"id":"M27095","name":"Male Urogenital Diseases","relevance":"LOW"},{"id":"M21873","name":"Sexual Dysfunctions, Psychological","relevance":"LOW"},{"id":"M14473","name":"Psychotic Disorders","relevance":"LOW"},{"id":"M4815","name":"Mental Disorders","relevance":"LOW"},{"id":"M9163","name":"Gonadal Disorders","relevance":"LOW"},{"id":"M7862","name":"Endocrine System Diseases","relevance":"LOW"}],"browseBranches":[{"abbrev":"BXS","name":"Urinary Tract, Sexual Organs, and Pregnancy Conditions"},{"abbrev":"BXM","name":"Behaviors and Mental Disorders"},{"abbrev":"All","name":"All Conditions"},{"abbrev":"BC19","name":"Gland and Hormone Related Diseases"}]},"interventionBrowseModule":{"browseLeaves":[{"id":"M29332","name":"Phosphodiesterase 5 Inhibitors","relevance":"LOW"}],"browseBranches":[{"abbrev":"All","name":"All Drugs and Chemicals"}]}},"hasResults":false}