{"protocolSection":{"identificationModule":{"nctId":"NCT06179316","orgStudyIdInfo":{"id":"AŞH.AKYILDIZ.007"},"organization":{"fullName":"Ankara Training and Research Hospital","class":"OTHER"},"briefTitle":"The Relationship Between Bone Pelvis Measurements and Erectile Function in Patients Who Had Nerve-Sparing Robot-Assisted Radical Prostatectomy Operation","officialTitle":"The Relationship Between Bone Pelvis Measurements and Erectile Function in Patients Who Had Nerve-Sparing Robot-Assisted Radical Prostatectomy Operation"},"statusModule":{"statusVerifiedDate":"2023-12","overallStatus":"NOT_YET_RECRUITING","expandedAccessInfo":{"hasExpandedAccess":false},"startDateStruct":{"date":"2023-12-15","type":"ESTIMATED"},"primaryCompletionDateStruct":{"date":"2024-03-01","type":"ESTIMATED"},"completionDateStruct":{"date":"2024-07-01","type":"ESTIMATED"},"studyFirstSubmitDate":"2023-12-12","studyFirstSubmitQcDate":"2023-12-12","studyFirstPostDateStruct":{"date":"2023-12-21","type":"ACTUAL"},"lastUpdateSubmitDate":"2023-12-12","lastUpdatePostDateStruct":{"date":"2023-12-21","type":"ACTUAL"}},"sponsorCollaboratorsModule":{"responsibleParty":{"type":"PRINCIPAL_INVESTIGATOR","investigatorFullName":"Ali Kaan Yildiz","investigatorTitle":"principle investigator","investigatorAffiliation":"Ankara Training and Research Hospital"},"leadSponsor":{"name":"Ankara Training and Research Hospital","class":"OTHER"}},"oversightModule":{"oversightHasDmc":false,"isFdaRegulatedDrug":false,"isFdaRegulatedDevice":false},"descriptionModule":{"briefSummary":"In order to evaluate the relationship between bone pelvis measurements and erectile function in patients who underwent nerve-sparing robot-assisted radical prostatectomy, bone pelvis measurements will be measured from MRI images of the patients before the operation and their erection quality will be evaluated with the IIEF-5 form. The erection quality of the same patients will be evaluated with the IIEF-5 form in the 3rd and 6th months after the operation. And it will be evaluated whether there is a relationship between the erection quality of the patients before and after the operation and their bone pelvis measurements."},"conditionsModule":{"conditions":["Erectile Dysfunction"]},"designModule":{"studyType":"OBSERVATIONAL","patientRegistry":false,"designInfo":{"observationalModel":"CASE_CONTROL","timePerspective":"PROSPECTIVE"},"enrollmentInfo":{"count":120,"type":"ESTIMATED"}},"armsInterventionsModule":{"armGroups":[{"label":"preoperative patients","interventionNames":["Procedure: Robot Assisted Radical Prostatectomy"]},{"label":"Patients in the 3rd postoperative month"},{"label":"Patients in the 6th month postoperatively"}],"interventions":[{"type":"PROCEDURE","name":"Robot Assisted Radical Prostatectomy","description":"Performing radical prostatectomy operation using robotic equipment while preserving bilateral nerve bundles","armGroupLabels":["preoperative patients"],"otherNames":["Bilateral Nerve-Sparing Robot-Assisted Radical Prostatectomy Operation"]}]},"outcomesModule":{"primaryOutcomes":[{"measure":"ııef-5 score","description":"The scale we use to evaluate patients' erection quality","timeFrame":"three months"}]},"eligibilityModule":{"eligibilityCriteria":"Inclusion Criteria:\n\n* Having bilateral nerve-sparing robot-assisted radical prostatectomy operation\n* Having a regular sexual life\n\nExclusion Criteria:\n\n* Having received neoadjuvant therapy\n* Having a history of radiotherapy to the pelvic area\n* The need to receive postoperative hormono-radiotherapy","healthyVolunteers":false,"sex":"MALE","stdAges":["CHILD","ADULT","OLDER_ADULT"],"studyPopulation":"Preoperative Prostate MRI imaging was performed, \"Bilateral Nerve Saving Robot Assisted Radical Prostatectomy Operation\" was performed, and a regular sexual life was performed; Male patients who have not received neoadjuvant therapy, have no history of radiotherapy to the pelvic region, and do not need postoperative hormono-radiotherapy","samplingMethod":"PROBABILITY_SAMPLE"}},"derivedSection":{"miscInfoModule":{"versionHolder":"2024-09-24"},"conditionBrowseModule":{"meshes":[{"id":"D000007172","term":"Erectile Dysfunction"}],"ancestors":[{"id":"D000005832","term":"Genital Diseases, Male"},{"id":"D000091662","term":"Genital Diseases"},{"id":"D000091642","term":"Urogenital Diseases"},{"id":"D000012735","term":"Sexual Dysfunction, Physiological"},{"id":"D000052801","term":"Male Urogenital Diseases"},{"id":"D000020018","term":"Sexual Dysfunctions, Psychological"},{"id":"D000001523","term":"Mental Disorders"}],"browseLeaves":[{"id":"M10217","name":"Erectile Dysfunction","asFound":"Erectile Dysfunction","relevance":"HIGH"},{"id":"M2876","name":"Genital Diseases","relevance":"LOW"},{"id":"M8944","name":"Genital Diseases, Male","relevance":"LOW"},{"id":"M2875","name":"Urogenital Diseases","relevance":"LOW"},{"id":"M15546","name":"Sexual Dysfunction, Physiological","relevance":"LOW"},{"id":"M27095","name":"Male Urogenital Diseases","relevance":"LOW"},{"id":"M21873","name":"Sexual Dysfunctions, Psychological","relevance":"LOW"},{"id":"M14473","name":"Psychotic Disorders","relevance":"LOW"},{"id":"M4815","name":"Mental Disorders","relevance":"LOW"}],"browseBranches":[{"abbrev":"BXS","name":"Urinary Tract, Sexual Organs, and Pregnancy Conditions"},{"abbrev":"BXM","name":"Behaviors and Mental Disorders"},{"abbrev":"All","name":"All Conditions"}]}},"hasResults":false}