{"protocolSection":{"identificationModule":{"nctId":"NCT05446493","orgStudyIdInfo":{"id":"346/3/19"},"organization":{"fullName":"Aswan University","class":"OTHER"},"briefTitle":"Serum YKL-40 Level and Platelets Indices Among Patients With Diabetic Erectile Dysfunction","officialTitle":"Assessment of Serum YKL-40 Level and Platelets Indices Among Patients With Diabetic Erectile Dysfunction"},"statusModule":{"statusVerifiedDate":"2022-07","overallStatus":"COMPLETED","expandedAccessInfo":{"hasExpandedAccess":false},"startDateStruct":{"date":"2019-04-01","type":"ACTUAL"},"primaryCompletionDateStruct":{"date":"2021-03-15","type":"ACTUAL"},"completionDateStruct":{"date":"2022-01-05","type":"ACTUAL"},"studyFirstSubmitDate":"2022-01-05","studyFirstSubmitQcDate":"2022-07-05","studyFirstPostDateStruct":{"date":"2022-07-06","type":"ACTUAL"},"lastUpdateSubmitDate":"2022-07-05","lastUpdatePostDateStruct":{"date":"2022-07-06","type":"ACTUAL"}},"sponsorCollaboratorsModule":{"responsibleParty":{"type":"PRINCIPAL_INVESTIGATOR","investigatorFullName":"Mohamed Amer Ahmed Abdellatif","investigatorTitle":"Assistant lecturer","investigatorAffiliation":"Aswan University"},"leadSponsor":{"name":"Aswan University","class":"OTHER"}},"oversightModule":{"oversightHasDmc":true,"isFdaRegulatedDrug":false,"isFdaRegulatedDevice":false},"descriptionModule":{"briefSummary":"The aim of this current study is to estimate serum level of YKL-40, serum total testosterone and platelets indices in diabetic patients with erectile dysfunction treated by daily tadalafil 5mg for 3 months."},"conditionsModule":{"conditions":["Erectile Dysfunction","Erectile Dysfunction With Diabetes Mellitus"]},"designModule":{"studyType":"INTERVENTIONAL","phases":["PHASE4"],"designInfo":{"allocation":"RANDOMIZED","interventionModel":"PARALLEL","primaryPurpose":"DIAGNOSTIC","maskingInfo":{"masking":"NONE"}},"enrollmentInfo":{"count":60,"type":"ACTUAL"}},"armsInterventionsModule":{"armGroups":[{"label":"Tadalafil group","type":"ACTIVE_COMPARATOR","description":"Each patient will be treated by tadalafil 5mg daily for 3months","interventionNames":["Drug: Tadalafil 5mg"]},{"label":"control group","type":"NO_INTERVENTION","description":"Estimation of serum YKL-40, platelet indices and serum total testosterone in healthy individuals in camparing with tadalafil group"}],"interventions":[{"type":"DRUG","name":"Tadalafil 5mg","description":"* Estimate serum level of serum YKL-40, total testosterone and platelets indices in diabetic patients with erectile dysfunction treated by daily tadalafil 5mg for 3months.\n* Penile color Doppler ultrasound examination before and after treatment","armGroupLabels":["Tadalafil group"]}]},"outcomesModule":{"primaryOutcomes":[{"measure":"Serum YKL-40 and platelets indices in erectile dysfunction","description":"Measurement of YKL-40 and platelets indices in diabetic patients with erectile dysfunction treated by daily tadalafil.","timeFrame":"3 months"}],"secondaryOutcomes":[{"measure":"Effect of tadalafil on Erectile dysfucntion patients","description":"To show the therapeutic effect of tadalafil in dose 5 mg daily on Erectile dysfucntion patients and assess their response by international index of erectile function (IIEF-5)","timeFrame":"3 months"}]},"eligibilityModule":{"eligibilityCriteria":"Inclusion Criteria:\n\n* Diabetic patients with ED.\n\nExclusion Criteria:\n\n* Patients with history of pelvic trauma.\n* Patients with major pelvic surgical intervention.\n* Patients with hypogonadism and hyperprolactinemia.\n* Patients with chronic liver disease.\n* Patients with cardio vascular system diseases.\n* History of chronic intake of central nervous system, anti androgen drugs or other drugs as Tramadol.\n* Smokers patients.\n* Patients with non-vasculogenic Erectile dysfunction.","healthyVolunteers":true,"sex":"MALE","genderBased":true,"minimumAge":"30 Years","maximumAge":"70 Years","stdAges":["ADULT","OLDER_ADULT"]},"contactsLocationsModule":{"locations":[{"facility":"Aswan university","city":"Aswan","zip":"81528","country":"Egypt","geoPoint":{"lat":24.09082,"lon":32.89942}}]},"ipdSharingStatementModule":{"ipdSharing":"UNDECIDED"}},"derivedSection":{"miscInfoModule":{"versionHolder":"2024-09-24"},"conditionBrowseModule":{"meshes":[{"id":"D000007172","term":"Erectile Dysfunction"}],"ancestors":[{"id":"D000005832","term":"Genital Diseases, Male"},{"id":"D000091662","term":"Genital Diseases"},{"id":"D000091642","term":"Urogenital Diseases"},{"id":"D000012735","term":"Sexual Dysfunction, Physiological"},{"id":"D000052801","term":"Male Urogenital Diseases"},{"id":"D000020018","term":"Sexual Dysfunctions, Psychological"},{"id":"D000001523","term":"Mental Disorders"}],"browseLeaves":[{"id":"M7115","name":"Diabetes Mellitus","relevance":"LOW"},{"id":"M10217","name":"Erectile Dysfunction","asFound":"Erectile Dysfunction","relevance":"HIGH"},{"id":"M2876","name":"Genital Diseases","relevance":"LOW"},{"id":"M8944","name":"Genital Diseases, Male","relevance":"LOW"},{"id":"M2875","name":"Urogenital Diseases","relevance":"LOW"},{"id":"M15546","name":"Sexual Dysfunction, Physiological","relevance":"LOW"},{"id":"M27095","name":"Male Urogenital Diseases","relevance":"LOW"},{"id":"M21873","name":"Sexual Dysfunctions, Psychological","relevance":"LOW"},{"id":"M14473","name":"Psychotic Disorders","relevance":"LOW"},{"id":"M4815","name":"Mental Disorders","relevance":"LOW"}],"browseBranches":[{"abbrev":"BC18","name":"Nutritional and Metabolic Diseases"},{"abbrev":"BC19","name":"Gland and Hormone Related Diseases"},{"abbrev":"All","name":"All Conditions"},{"abbrev":"BXS","name":"Urinary Tract, Sexual Organs, and Pregnancy Conditions"},{"abbrev":"BXM","name":"Behaviors and Mental Disorders"}]},"interventionBrowseModule":{"meshes":[{"id":"D000068581","term":"Tadalafil"}],"ancestors":[{"id":"D000014665","term":"Vasodilator Agents"},{"id":"D000058986","term":"Phosphodiesterase 5 Inhibitors"},{"id":"D000010726","term":"Phosphodiesterase Inhibitors"},{"id":"D000004791","term":"Enzyme Inhibitors"},{"id":"D000045504","term":"Molecular Mechanisms of Pharmacological Action"},{"id":"D000064804","term":"Urological Agents"}],"browseLeaves":[{"id":"M16509","name":"Testosterone","relevance":"LOW"},{"id":"M279","name":"Tadalafil","asFound":"Difference","relevance":"HIGH"},{"id":"M17412","name":"Vasodilator Agents","relevance":"LOW"},{"id":"M29332","name":"Phosphodiesterase 5 Inhibitors","relevance":"LOW"},{"id":"M13629","name":"Phosphodiesterase Inhibitors","relevance":"LOW"},{"id":"M7951","name":"Enzyme Inhibitors","relevance":"LOW"}],"browseBranches":[{"abbrev":"All","name":"All Drugs and Chemicals"},{"abbrev":"VaDiAg","name":"Vasodilator Agents"},{"abbrev":"Urol","name":"Urological Agents"}]}},"hasResults":false}